SL_um,pCa,normalized_force,force_percent_max,pCa50,hill_coefficient
2.0,4.5,0.9716344587682326,97.16344587682326,5.4142831239952685,1.6785958240816417
2.0,4.5034068136272545,0.9712692817820074,97.12692817820074,5.4142831239952685,1.6785958240816417
2.0,4.506813627254509,0.970899544323254,97.0899544323254,5.4142831239952685,1.6785958240816417
2.0,4.510220440881763,0.9705251930842481,97.0525193084248,5.4142831239952685,1.6785958240816417
2.0,4.513627254509018,0.9701461742285309,97.01461742285309,5.4142831239952685,1.6785958240816417
2.0,4.517034068136272,0.969762433388161,96.9762433388161,5.4142831239952685,1.6785958240816417
2.0,4.520440881763527,0.9693739156610277,96.93739156610278,5.4142831239952685,1.6785958240816417
2.0,4.523847695390781,0.9689805656082251,96.89805656082251,5.4142831239952685,1.6785958240816417
2.0,4.527254509018036,0.9685823272514908,96.85823272514908,5.4142831239952685,1.6785958240816417
2.0,4.53066132264529,0.968179144070713,96.8179144070713,5.4142831239952685,1.6785958240816417
2.0,4.534068136272545,0.9677709590015069,96.77709590015068,5.4142831239952685,1.6785958240816417
2.0,4.537474949899799,0.9673577144328638,96.73577144328638,5.4142831239952685,1.6785958240816417
2.0,4.540881763527054,0.9669393522048788,96.69393522048789,5.4142831239952685,1.6785958240816417
2.0,4.544288577154308,0.9665158136065548,96.65158136065548,5.4142831239952685,1.6785958240816417
2.0,4.547695390781563,0.9660870393736918,96.60870393736917,5.4142831239952685,1.6785958240816417
2.0,4.551102204408818,0.9656529696868588,96.56529696868587,5.4142831239952685,1.6785958240816417
2.0,4.5545090180360726,0.9652135441694575,96.52135441694575,5.4142831239952685,1.6785958240816417
2.0,4.557915831663327,0.9647687018858765,96.47687018858765,5.4142831239952685,1.6785958240816417
2.0,4.5613226452905815,0.9643183813397412,96.43183813397413,5.4142831239952685,1.6785958240816417
2.0,4.564729458917836,0.9638625204722646,96.38625204722646,5.4142831239952685,1.6785958240816417
2.0,4.5681362725450905,0.9634010566606975,96.34010566606975,5.4142831239952685,1.6785958240816417
2.0,4.571543086172345,0.9629339267168889,96.29339267168889,5.4142831239952685,1.6785958240816417
2.0,4.574949899799599,0.9624610668859536,96.24610668859536,5.4142831239952685,1.6785958240816417
2.0,4.578356713426854,0.9619824128450545,96.19824128450544,5.4142831239952685,1.6785958240816417
2.0,4.581763527054108,0.9614978997023026,96.14978997023026,5.4142831239952685,1.6785958240816417
2.0,4.585170340681363,0.9610074619957792,96.10074619957793,5.4142831239952685,1.6785958240816417
2.0,4.588577154308617,0.9605110336926826,96.05110336926826,5.4142831239952685,1.6785958240816417
2.0,4.591983967935872,0.960008548188605,96.0008548188605,5.4142831239952685,1.6785958240816417
2.0,4.595390781563126,0.9594999383069428,95.94999383069428,5.4142831239952685,1.6785958240816417
2.0,4.598797595190381,0.9589851362984461,95.8985136298446,5.4142831239952685,1.6785958240816417
2.0,4.602204408817635,0.9584640738409081,95.84640738409081,5.4142831239952685,1.6785958240816417
2.0,4.60561122244489,0.957936682039005,95.7936682039005,5.4142831239952685,1.6785958240816417
2.0,4.609018036072144,0.9574028914242828,95.74028914242828,5.4142831239952685,1.6785958240816417
2.0,4.612424849699399,0.9568626319553031,95.6862631955303,5.4142831239952685,1.6785958240816417
2.0,4.615831663326653,0.9563158330179471,95.6315833017947,5.4142831239952685,1.6785958240816417
2.0,4.619238476953908,0.9557624234258857,95.57624234258857,5.4142831239952685,1.6785958240816417
2.0,4.622645290581162,0.9552023314212192,95.52023314212192,5.4142831239952685,1.6785958240816417
2.0,4.626052104208417,0.9546354846752915,95.46354846752915,5.4142831239952685,1.6785958240816417
2.0,4.629458917835671,0.9540618102896826,95.40618102896826,5.4142831239952685,1.6785958240816417
2.0,4.632865731462926,0.9534812347973879,95.34812347973879,5.4142831239952685,1.6785958240816417
2.0,4.63627254509018,0.952893684164185,95.2893684164185,5.4142831239952685,1.6785958240816417
2.0,4.6396793587174345,0.9522990837901958,95.22990837901958,5.4142831239952685,1.6785958240816417
2.0,4.643086172344689,0.9516973585116495,95.16973585116494,5.4142831239952685,1.6785958240816417
2.0,4.6464929859719435,0.9510884326028487,95.10884326028487,5.4142831239952685,1.6785958240816417
2.0,4.649899799599199,0.9504722297783471,95.0472229778347,5.4142831239952685,1.6785958240816417
2.0,4.653306613226453,0.9498486731953448,94.98486731953449,5.4142831239952685,1.6785958240816417
2.0,4.656713426853708,0.9492176854563011,94.92176854563012,5.4142831239952685,1.6785958240816417
2.0,4.660120240480962,0.9485791886117783,94.85791886117782,5.4142831239952685,1.6785958240816417
2.0,4.663527054108217,0.9479331041635154,94.79331041635155,5.4142831239952685,1.6785958240816417
2.0,4.666933867735471,0.9472793530677416,94.72793530677416,5.4142831239952685,1.6785958240816417
2.0,4.670340681362726,0.9466178557387337,94.66178557387337,5.4142831239952685,1.6785958240816417
2.0,4.67374749498998,0.9459485320526229,94.59485320526228,5.4142831239952685,1.6785958240816417
2.0,4.677154308617235,0.9452713013514578,94.52713013514578,5.4142831239952685,1.6785958240816417
2.0,4.680561122244489,0.9445860824475294,94.45860824475294,5.4142831239952685,1.6785958240816417
2.0,4.683967935871744,0.9438927936279636,94.38927936279636,5.4142831239952685,1.6785958240816417
2.0,4.687374749498998,0.9431913526595878,94.31913526595878,5.4142831239952685,1.6785958240816417
2.0,4.690781563126253,0.9424816767940772,94.24816767940773,5.4142831239952685,1.6785958240816417
2.0,4.694188376753507,0.9417636827733885,94.17636827733885,5.4142831239952685,1.6785958240816417
2.0,4.697595190380762,0.9410372868354842,94.10372868354841,5.4142831239952685,1.6785958240816417
2.0,4.701002004008016,0.940302404720357,94.0302404720357,5.4142831239952685,1.6785958240816417
2.0,4.7044088176352705,0.9395589516763594,93.95589516763594,5.4142831239952685,1.6785958240816417
2.0,4.707815631262525,0.9388068424668442,93.88068424668442,5.4142831239952685,1.6785958240816417
2.0,4.7112224448897795,0.9380459913771222,93.80459913771222,5.4142831239952685,1.6785958240816417
2.0,4.714629258517034,0.9372763122217462,93.72763122217462,5.4142831239952685,1.6785958240816417
2.0,4.718036072144288,0.9364977183521243,93.64977183521242,5.4142831239952685,1.6785958240816417
2.0,4.721442885771543,0.9357101226644706,93.57101226644706,5.4142831239952685,1.6785958240816417
2.0,4.724849699398797,0.9349134376081008,93.49134376081008,5.4142831239952685,1.6785958240816417
2.0,4.728256513026052,0.9341075751940767,93.41075751940767,5.4142831239952685,1.6785958240816417
2.0,4.731663326653306,0.9332924470042101,93.32924470042101,5.4142831239952685,1.6785958240816417
2.0,4.735070140280561,0.9324679642004272,93.24679642004273,5.4142831239952685,1.6785958240816417
2.0,4.738476953907815,0.9316340375345065,93.16340375345065,5.4142831239952685,1.6785958240816417
2.0,4.74188376753507,0.930790577358191,93.0790577358191,5.4142831239952685,1.6785958240816417
2.0,4.745290581162324,0.9299374936336854,92.99374936336854,5.4142831239952685,1.6785958240816417
2.0,4.748697394789579,0.9290746959445432,92.90746959445431,5.4142831239952685,1.6785958240816417
2.0,4.752104208416833,0.9282020935069495,92.82020935069495,5.4142831239952685,1.6785958240816417
2.0,4.755511022044089,0.9273195951814084,92.73195951814084,5.4142831239952685,1.6785958240816417
2.0,4.758917835671343,0.9264271094848406,92.64271094848407,5.4142831239952685,1.6785958240816417
2.0,4.762324649298598,0.9255245446030945,92.55245446030945,5.4142831239952685,1.6785958240816417
2.0,4.765731462925852,0.9246118084038839,92.4611808403884,5.4142831239952685,1.6785958240816417
2.0,4.7691382765531065,0.9236888084501532,92.36888084501533,5.4142831239952685,1.6785958240816417
2.0,4.772545090180361,0.9227554520138783,92.27554520138783,5.4142831239952685,1.6785958240816417
2.0,4.7759519038076155,0.9218116460903104,92.18116460903104,5.4142831239952685,1.6785958240816417
2.0,4.77935871743487,0.9208572974126679,92.08572974126679,5.4142831239952685,1.6785958240816417
2.0,4.782765531062124,0.9198923124672834,91.98923124672834,5.4142831239952685,1.6785958240816417
2.0,4.786172344689379,0.9189165975092114,91.89165975092114,5.4142831239952685,1.6785958240816417
2.0,4.789579158316633,0.9179300585783027,91.79300585783027,5.4142831239952685,1.6785958240816417
2.0,4.792985971943888,0.9169326015157526,91.69326015157526,5.4142831239952685,1.6785958240816417
2.0,4.796392785571142,0.9159241319811273,91.59241319811274,5.4142831239952685,1.6785958240816417
2.0,4.799799599198397,0.9149045554698768,91.49045554698768,5.4142831239952685,1.6785958240816417
2.0,4.803206412825651,0.9138737773313347,91.38737773313346,5.4142831239952685,1.6785958240816417
2.0,4.806613226452906,0.9128317027872181,91.28317027872181,5.4142831239952685,1.6785958240816417
2.0,4.81002004008016,0.9117782369506259,91.17782369506259,5.4142831239952685,1.6785958240816417
2.0,4.813426853707415,0.9107132848455466,91.07132848455466,5.4142831239952685,1.6785958240816417
2.0,4.816833667334669,0.9096367514268743,90.96367514268742,5.4142831239952685,1.6785958240816417
2.0,4.820240480961924,0.908548541600946,90.8548541600946,5.4142831239952685,1.6785958240816417
2.0,4.823647294589178,0.9074485602465966,90.74485602465965,5.4142831239952685,1.6785958240816417
2.0,4.827054108216433,0.9063367122367435,90.63367122367436,5.4142831239952685,1.6785958240816417
2.0,4.830460921843687,0.9052129024604993,90.52129024604993,5.4142831239952685,1.6785958240816417
2.0,4.833867735470942,0.9040770358458217,90.40770358458217,5.4142831239952685,1.6785958240816417
2.0,4.837274549098196,0.9029290173827005,90.29290173827005,5.4142831239952685,1.6785958240816417
2.0,4.840681362725451,0.9017687521468893,90.17687521468893,5.4142831239952685,1.6785958240816417
2.0,4.844088176352705,0.9005961453241826,90.05961453241827,5.4142831239952685,1.6785958240816417
2.0,4.84749498997996,0.899411102235242,89.9411102235242,5.4142831239952685,1.6785958240816417
2.0,4.850901803607215,0.8982135283609777,89.82135283609777,5.4142831239952685,1.6785958240816417
2.0,4.854308617234469,0.8970033293684819,89.7003329368482,5.4142831239952685,1.6785958240816417
2.0,4.857715430861724,0.8957804111375238,89.57804111375238,5.4142831239952685,1.6785958240816417
2.0,4.861122244488978,0.8945446797876023,89.45446797876023,5.4142831239952685,1.6785958240816417
2.0,4.864529058116233,0.893296041705563,89.3296041705563,5.4142831239952685,1.6785958240816417
2.0,4.867935871743487,0.8920344035737773,89.20344035737773,5.4142831239952685,1.6785958240816417
2.0,4.871342685370742,0.8907596723988878,89.07596723988877,5.4142831239952685,1.6785958240816417
2.0,4.874749498997996,0.8894717555411183,88.94717555411184,5.4142831239952685,1.6785958240816417
2.0,4.878156312625251,0.8881705607441523,88.81705607441523,5.4142831239952685,1.6785958240816417
2.0,4.881563126252505,0.8868559961655754,88.68559961655754,5.4142831239952685,1.6785958240816417
2.0,4.88496993987976,0.8855279704078874,88.55279704078875,5.4142831239952685,1.6785958240816417
2.0,4.888376753507014,0.8841863925500768,88.41863925500768,5.4142831239952685,1.6785958240816417
2.0,4.891783567134269,0.8828311721797627,88.28311721797627,5.4142831239952685,1.6785958240816417
2.0,4.895190380761523,0.8814622194258992,88.14622194258992,5.4142831239952685,1.6785958240816417
2.0,4.898597194388778,0.8800794449920405,88.00794449920404,5.4142831239952685,1.6785958240816417
2.0,4.902004008016032,0.8786827601901667,87.86827601901666,5.4142831239952685,1.6785958240816417
2.0,4.905410821643287,0.8772720769750629,87.72720769750629,5.4142831239952685,1.6785958240816417
2.0,4.908817635270541,0.8758473079792557,87.58473079792557,5.4142831239952685,1.6785958240816417
2.0,4.9122244488977955,0.8744083665484942,87.44083665484942,5.4142831239952685,1.6785958240816417
2.0,4.91563126252505,0.8729551667777786,87.29551667777787,5.4142831239952685,1.6785958240816417
2.0,4.9190380761523045,0.8714876235479283,87.14876235479284,5.4142831239952685,1.6785958240816417
2.0,4.922444889779559,0.8700056525626845,87.00056525626844,5.4142831239952685,1.6785958240816417
2.0,4.925851703406813,0.8685091703863401,86.85091703863401,5.4142831239952685,1.6785958240816417
2.0,4.929258517034068,0.866998094481895,86.6998094481895,5.4142831239952685,1.6785958240816417
2.0,4.932665330661322,0.865472343249723,86.5472343249723,5.4142831239952685,1.6785958240816417
2.0,4.936072144288577,0.8639318360667484,86.39318360667484,5.4142831239952685,1.6785958240816417
2.0,4.939478957915831,0.8623764933261207,86.23764933261207,5.4142831239952685,1.6785958240816417
2.0,4.942885771543086,0.8608062364773805,86.08062364773805,5.4142831239952685,1.6785958240816417
2.0,4.94629258517034,0.8592209880671063,85.92209880671064,5.4142831239952685,1.6785958240816417
2.0,4.949699398797595,0.8576206717800302,85.76206717800302,5.4142831239952685,1.6785958240816417
2.0,4.95310621242485,0.8560052124806151,85.60052124806151,5.4142831239952685,1.6785958240816417
2.0,4.956513026052105,0.8543745362550823,85.43745362550823,5.4142831239952685,1.6785958240816417
2.0,4.959919839679359,0.8527285704538694,85.27285704538694,5.4142831239952685,1.6785958240816417
2.0,4.963326653306614,0.8510672437345181,85.10672437345181,5.4142831239952685,1.6785958240816417
2.0,4.966733466933868,0.8493904861049686,84.93904861049685,5.4142831239952685,1.6785958240816417
2.0,4.970140280561123,0.8476982289672502,84.76982289672502,5.4142831239952685,1.6785958240816417
2.0,4.973547094188377,0.845990405161554,84.5990405161554,5.4142831239952685,1.6785958240816417
2.0,4.9769539078156315,0.8442669490106687,84.42669490106687,5.4142831239952685,1.6785958240816417
2.0,4.980360721442886,0.8425277963647672,84.25277963647672,5.4142831239952685,1.6785958240816417
2.0,4.9837675350701405,0.8407728846465238,84.07728846465238,5.4142831239952685,1.6785958240816417
2.0,4.987174348697395,0.8390021528965458,83.90021528965458,5.4142831239952685,1.6785958240816417
2.0,4.990581162324649,0.8372155418190996,83.72155418190997,5.4142831239952685,1.6785958240816417
2.0,4.993987975951904,0.8354129938281135,83.54129938281135,5.4142831239952685,1.6785958240816417
2.0,4.997394789579158,0.8335944530934362,83.35944530934361,5.4142831239952685,1.6785958240816417
2.0,5.000801603206413,0.8317598655873291,83.1759865587329,5.4142831239952685,1.6785958240816417
2.0,5.004208416833667,0.8299091791311731,82.99091791311731,5.4142831239952685,1.6785958240816417
2.0,5.007615230460922,0.8280423434423658,82.80423434423658,5.4142831239952685,1.6785958240816417
2.0,5.011022044088176,0.8261593101813853,82.61593101813854,5.4142831239952685,1.6785958240816417
2.0,5.014428857715431,0.8242600329989995,82.42600329989995,5.4142831239952685,1.6785958240816417
2.0,5.017835671342685,0.8223444675835924,82.23444675835924,5.4142831239952685,1.6785958240816417
2.0,5.02124248496994,0.8204125717085847,82.04125717085847,5.4142831239952685,1.6785958240816417
2.0,5.024649298597194,0.8184643052799215,81.84643052799215,5.4142831239952685,1.6785958240816417
2.0,5.028056112224449,0.8164996303836003,81.64996303836003,5.4142831239952685,1.6785958240816417
2.0,5.031462925851703,0.8145185113332098,81.45185113332099,5.4142831239952685,1.6785958240816417
2.0,5.034869739478958,0.812520914717455,81.2520914717455,5.4142831239952685,1.6785958240816417
2.0,5.038276553106212,0.8105068094476341,81.05068094476341,5.4142831239952685,1.6785958240816417
2.0,5.041683366733467,0.8084761668050414,80.84761668050415,5.4142831239952685,1.6785958240816417
2.0,5.045090180360722,0.8064289604882636,80.64289604882636,5.4142831239952685,1.6785958240816417
2.0,5.0484969939879765,0.8043651666603394,80.43651666603394,5.4142831239952685,1.6785958240816417
2.0,5.051903807615231,0.8022847639957457,80.22847639957456,5.4142831239952685,1.6785958240816417
2.0,5.055310621242485,0.8001877337271848,80.01877337271847,5.4142831239952685,1.6785958240816417
2.0,5.05871743486974,0.798074059692134,79.80740596921339,5.4142831239952685,1.6785958240816417
2.0,5.062124248496994,0.7959437283791243,79.59437283791243,5.4142831239952685,1.6785958240816417
2.0,5.065531062124249,0.7937967289737142,79.37967289737142,5.4142831239952685,1.6785958240816417
2.0,5.068937875751503,0.791633053404123,79.16330534041231,5.4142831239952685,1.6785958240816417
2.0,5.072344689378758,0.7894526963864866,78.94526963864867,5.4142831239952685,1.6785958240816417
2.0,5.075751503006012,0.7872556554697007,78.72556554697006,5.4142831239952685,1.6785958240816417
2.0,5.079158316633267,0.7850419310798131,78.50419310798131,5.4142831239952685,1.6785958240816417
2.0,5.082565130260521,0.7828115265639286,78.28115265639286,5.4142831239952685,1.6785958240816417
2.0,5.085971943887776,0.7805644482335856,78.05644482335856,5.4142831239952685,1.6785958240816417
2.0,5.08937875751503,0.7783007054075699,77.83007054075699,5.4142831239952685,1.6785958240816417
2.0,5.092785571142285,0.7760203104541219,77.60203104541219,5.4142831239952685,1.6785958240816417
2.0,5.096192384769539,0.7737232788325031,77.3723278832503,5.4142831239952685,1.6785958240816417
2.0,5.099599198396794,0.7714096291338758,77.14096291338758,5.4142831239952685,1.6785958240816417
2.0,5.103006012024048,0.7690793831214606,76.90793831214606,5.4142831239952685,1.6785958240816417
2.0,5.106412825651303,0.76673256576993,76.673256576993,5.4142831239952685,1.6785958240816417
2.0,5.109819639278557,0.764369205303995,76.4369205303995,5.4142831239952685,1.6785958240816417
2.0,5.113226452905812,0.7619893332361463,76.19893332361463,5.4142831239952685,1.6785958240816417
2.0,5.116633266533066,0.759592984403508,75.95929844035079,5.4142831239952685,1.6785958240816417
2.0,5.1200400801603205,0.757180197003762,75.7180197003762,5.4142831239952685,1.6785958240816417
2.0,5.123446893787575,0.7547510126301014,75.47510126301013,5.4142831239952685,1.6785958240816417
2.0,5.1268537074148295,0.7523054763051717,75.23054763051718,5.4142831239952685,1.6785958240816417
2.0,5.130260521042084,0.7498436365139594,74.98436365139594,5.4142831239952685,1.6785958240816417
2.0,5.1336673346693384,0.7473655452355825,74.73655452355825,5.4142831239952685,1.6785958240816417
2.0,5.137074148296593,0.7448712579739467,74.48712579739467,5.4142831239952685,1.6785958240816417
2.0,5.140480961923847,0.7423608337872215,74.23608337872216,5.4142831239952685,1.6785958240816417
2.0,5.143887775551102,0.7398343353160967,73.98343353160966,5.4142831239952685,1.6785958240816417
2.0,5.147294589178356,0.7372918288107785,73.72918288107785,5.4142831239952685,1.6785958240816417
2.0,5.150701402805611,0.7347333841566841,73.47333841566841,5.4142831239952685,1.6785958240816417
2.0,5.154108216432865,0.7321590748987941,73.21590748987941,5.4142831239952685,1.6785958240816417
2.0,5.157515030060121,0.7295689782646215,72.95689782646215,5.4142831239952685,1.6785958240816417
2.0,5.160921843687375,0.7269631751857646,72.69631751857646,5.4142831239952685,1.6785958240816417
2.0,5.16432865731463,0.7243417503179889,72.43417503179889,5.4142831239952685,1.6785958240816417
2.0,5.167735470941884,0.7217047920598201,72.170479205982,5.4142831239952685,1.6785958240816417
2.0,5.171142284569139,0.7190523925695934,71.90523925695935,5.4142831239952685,1.6785958240816417
2.0,5.174549098196393,0.7163846477809299,71.638464778093,5.4142831239952685,1.6785958240816417
2.0,5.177955911823648,0.7137016574166024,71.37016574166024,5.4142831239952685,1.6785958240816417
2.0,5.181362725450902,0.7110035250007525,71.10035250007525,5.4142831239952685,1.6785958240816417
2.0,5.1847695390781565,0.7082903578694268,70.82903578694268,5.4142831239952685,1.6785958240816417
2.0,5.188176352705411,0.7055622671793957,70.55622671793958,5.4142831239952685,1.6785958240816417
2.0,5.1915831663326655,0.7028193679152247,70.28193679152247,5.4142831239952685,1.6785958240816417
2.0,5.19498997995992,0.7000617788945609,70.00617788945608,5.4142831239952685,1.6785958240816417
2.0,5.198396793587174,0.6972896227716107,69.72896227716106,5.4142831239952685,1.6785958240816417
2.0,5.201803607214429,0.694503026038772,69.4503026038772,5.4142831239952685,1.6785958240816417
2.0,5.205210420841683,0.6917021190263958,69.17021190263958,5.4142831239952685,1.6785958240816417
2.0,5.208617234468938,0.6888870359006499,68.88870359006499,5.4142831239952685,1.6785958240816417
2.0,5.212024048096192,0.6860579146594561,68.60579146594561,5.4142831239952685,1.6785958240816417
2.0,5.215430861723447,0.683214897126478,68.3214897126478,5.4142831239952685,1.6785958240816417
2.0,5.218837675350701,0.6803581289431356,68.03581289431357,5.4142831239952685,1.6785958240816417
2.0,5.222244488977956,0.6774877595586238,67.74877595586238,5.4142831239952685,1.6785958240816417
2.0,5.22565130260521,0.6746039422179153,67.46039422179153,5.4142831239952685,1.6785958240816417
2.0,5.229058116232465,0.6717068339477283,67.17068339477284,5.4142831239952685,1.6785958240816417
2.0,5.232464929859719,0.6687965955404426,66.87965955404425,5.4142831239952685,1.6785958240816417
2.0,5.235871743486974,0.6658733915359467,66.58733915359467,5.4142831239952685,1.6785958240816417
2.0,5.239278557114228,0.6629373902014042,66.29373902014042,5.4142831239952685,1.6785958240816417
2.0,5.2426853707414836,0.6599887635089242,65.99887635089242,5.4142831239952685,1.6785958240816417
2.0,5.246092184368738,0.6570276871111335,65.70276871111335,5.4142831239952685,1.6785958240816417
2.0,5.2494989979959925,0.6540543403146237,65.40543403146238,5.4142831239952685,1.6785958240816417
2.0,5.252905811623247,0.6510689060512923,65.10689060512924,5.4142831239952685,1.6785958240816417
2.0,5.2563126252505015,0.64807157084755,64.80715708475499,5.4142831239952685,1.6785958240816417
2.0,5.259719438877756,0.6450625247914052,64.50625247914053,5.4142831239952685,1.6785958240816417
2.0,5.26312625250501,0.6420419614974197,64.20419614974196,5.4142831239952685,1.6785958240816417
2.0,5.266533066132265,0.6390100780695358,63.90100780695358,5.4142831239952685,1.6785958240816417
2.0,5.269939879759519,0.6359670750617835,63.596707506178355,5.4142831239952685,1.6785958240816417
2.0,5.273346693386774,0.6329131564368654,63.29131564368654,5.4142831239952685,1.6785958240816417
2.0,5.276753507014028,0.6298485295226343,62.984852952263424,5.4142831239952685,1.6785958240816417
2.0,5.280160320641283,0.6267734049664673,62.67734049664673,5.4142831239952685,1.6785958240816417
2.0,5.283567134268537,0.6236879966875514,62.36879966875514,5.4142831239952685,1.6785958240816417
2.0,5.286973947895792,0.6205925218270927,62.059252182709265,5.4142831239952685,1.6785958240816417
2.0,5.290380761523046,0.6174872006964655,61.748720069646545,5.4142831239952685,1.6785958240816417
2.0,5.293787575150301,0.6143722567233209,61.43722567233208,5.4142831239952685,1.6785958240816417
2.0,5.297194388777555,0.6112479163956719,61.12479163956719,5.4142831239952685,1.6785958240816417
2.0,5.30060120240481,0.6081144092039805,60.811440920398056,5.4142831239952685,1.6785958240816417
2.0,5.304008016032064,0.6049719675812704,60.49719675812704,5.4142831239952685,1.6785958240816417
2.0,5.307414829659319,0.6018208268412902,60.18208268412902,5.4142831239952685,1.6785958240816417
2.0,5.310821643286573,0.5986612251147597,59.86612251147597,5.4142831239952685,1.6785958240816417
2.0,5.314228456913828,0.5954934032837264,59.54934032837264,5.4142831239952685,1.6785958240816417
2.0,5.317635270541082,0.5923176049140674,59.23176049140674,5.4142831239952685,1.6785958240816417
2.0,5.321042084168337,0.5891340761861719,58.913407618617185,5.4142831239952685,1.6785958240816417
2.0,5.324448897795591,0.5859430658238404,58.594306582384036,5.4142831239952685,1.6785958240816417
2.0,5.3278557114228455,0.5827448250214415,58.27448250214415,5.4142831239952685,1.6785958240816417
2.0,5.3312625250501,0.579539607369365,57.95396073693651,5.4142831239952685,1.6785958240816417
2.0,5.3346693386773545,0.5763276687778178,57.63276687778178,5.4142831239952685,1.6785958240816417
2.0,5.338076152304609,0.5731092673990054,57.31092673990054,5.4142831239952685,1.6785958240816417
2.0,5.3414829659318634,0.5698846635477468,56.98846635477468,5.4142831239952685,1.6785958240816417
2.0,5.344889779559118,0.5666541196205718,56.66541196205718,5.4142831239952685,1.6785958240816417
2.0,5.348296593186372,0.5634179000133519,56.34179000133519,5.4142831239952685,1.6785958240816417
2.0,5.351703406813627,0.5601762710375159,56.017627103751586,5.4142831239952685,1.6785958240816417
2.0,5.355110220440882,0.5569295008349052,55.69295008349052,5.4142831239952685,1.6785958240816417
2.0,5.358517034068137,0.5536778592913283,55.36778592913283,5.4142831239952685,1.6785958240816417
2.0,5.361923847695391,0.5504216179488605,55.04216179488605,5.4142831239952685,1.6785958240816417
2.0,5.365330661322646,0.547161049916963,54.7161049916963,5.4142831239952685,1.6785958240816417
2.0,5.3687374749499,0.5438964297824715,54.38964297824715,5.4142831239952685,1.6785958240816417
2.0,5.372144288577155,0.5406280335185181,54.062803351851805,5.4142831239952685,1.6785958240816417
2.0,5.375551102204409,0.5373561383924512,53.73561383924512,5.4142831239952685,1.6785958240816417
2.0,5.378957915831664,0.5340810228728168,53.40810228728168,5.4142831239952685,1.6785958240816417
2.0,5.382364729458918,0.5308029665354664,53.08029665354665,5.4142831239952685,1.6785958240816417
2.0,5.385771543086173,0.5275222499688584,52.75222499688584,5.4142831239952685,1.6785958240816417
2.0,5.389178356713427,0.5242391546786207,52.423915467862074,5.4142831239952685,1.6785958240816417
2.0,5.3925851703406815,0.5209539629914421,52.09539629914421,5.4142831239952685,1.6785958240816417
2.0,5.395991983967936,0.5176669579583639,51.76669579583639,5.4142831239952685,1.6785958240816417
2.0,5.3993987975951905,0.5143784232575386,51.437842325753856,5.4142831239952685,1.6785958240816417
2.0,5.402805611222445,0.5110886430965296,51.10886430965296,5.4142831239952685,1.6785958240816417
2.0,5.406212424849699,0.5077979021142212,50.77979021142212,5.4142831239952685,1.6785958240816417
2.0,5.409619238476954,0.5045064852824113,50.450648528241125,5.4142831239952685,1.6785958240816417
2.0,5.413026052104208,0.5012146778071597,50.12146778071597,5.4142831239952685,1.6785958240816417
2.0,5.416432865731463,0.4979227650299629,49.79227650299629,5.4142831239952685,1.6785958240816417
2.0,5.419839679358717,0.49463103232883016,49.463103232883014,5.4142831239952685,1.6785958240816417
2.0,5.423246492985972,0.49133976501933185,49.133976501933184,5.4142831239952685,1.6785958240816417
2.0,5.426653306613226,0.48804924825569423,48.80492482556942,5.4142831239952685,1.6785958240816417
2.0,5.430060120240481,0.4847597669320131,48.47597669320131,5.4142831239952685,1.6785958240816417
2.0,5.433466933867735,0.48147160558365876,48.147160558365876,5.4142831239952685,1.6785958240816417
2.0,5.43687374749499,0.4781850482889448,47.81850482889448,5.4142831239952685,1.6785958240816417
2.0,5.440280561122244,0.47490037857113365,47.490037857113364,5.4142831239952685,1.6785958240816417
2.0,5.4436873747495,0.4716178793008486,47.161787930084856,5.4142831239952685,1.6785958240816417
2.0,5.447094188376754,0.4683378325989689,46.83378325989689,5.4142831239952685,1.6785958240816417
2.0,5.4505010020040086,0.46506051974006646,46.506051974006645,5.4142831239952685,1.6785958240816417
2.0,5.453907815631263,0.4617862210564699,46.17862210564699,5.4142831239952685,1.6785958240816417
2.0,5.4573146292585175,0.45851521584301325,45.851521584301324,5.4142831239952685,1.6785958240816417
2.0,5.460721442885772,0.4552477822625426,45.524778226254256,5.4142831239952685,1.6785958240816417
2.0,5.4641282565130265,0.4519841972522457,45.19841972522457,5.4142831239952685,1.6785958240816417
2.0,5.467535070140281,0.4487247364308736,44.87247364308736,5.4142831239952685,1.6785958240816417
2.0,5.470941883767535,0.4454696740069167,44.54696740069167,5.4142831239952685,1.6785958240816417
2.0,5.47434869739479,0.44221928268780036,44.22192826878003,5.4142831239952685,1.6785958240816417
2.0,5.477755511022044,0.43897383359016307,43.89738335901631,5.4142831239952685,1.6785958240816417
2.0,5.481162324649299,0.4357335961512787,43.57335961512787,5.4142831239952685,1.6785958240816417
2.0,5.484569138276553,0.43249883804168204,43.249883804168206,5.4142831239952685,1.6785958240816417
2.0,5.487975951903808,0.4292698250790557,42.92698250790557,5.4142831239952685,1.6785958240816417
2.0,5.491382765531062,0.4260468211434381,42.60468211434381,5.4142831239952685,1.6785958240816417
2.0,5.494789579158317,0.42283008809380407,42.283008809380405,5.4142831239952685,1.6785958240816417
2.0,5.498196392785571,0.41961988568607533,41.96198856860753,5.4142831239952685,1.6785958240816417
2.0,5.501603206412826,0.41641647149261024,41.641647149261026,5.4142831239952685,1.6785958240816417
2.0,5.50501002004008,0.41322010082322524,41.32201008232252,5.4142831239952685,1.6785958240816417
2.0,5.508416833667335,0.41003102664779395,41.0031026647794,5.4142831239952685,1.6785958240816417
2.0,5.511823647294589,0.40684949952047356,40.684949952047354,5.4142831239952685,1.6785958240816417
2.0,5.515230460921844,0.4036757675056001,40.367576750560005,5.4142831239952685,1.6785958240816417
2.0,5.518637274549098,0.40051007610529843,40.051007610529844,5.4142831239952685,1.6785958240816417
2.0,5.522044088176353,0.39735266818884396,39.7352668188844,5.4142831239952685,1.6785958240816417
2.0,5.525450901803607,0.394203783923819,39.4203783923819,5.4142831239952685,1.6785958240816417
2.0,5.528857715430862,0.3910636607090972,39.10636607090972,5.4142831239952685,1.6785958240816417
2.0,5.532264529058116,0.3879325331096926,38.79325331096926,5.4142831239952685,1.6785958240816417
2.0,5.5356713426853705,0.38481063279350397,38.481063279350394,5.4142831239952685,1.6785958240816417
2.0,5.539078156312625,0.3816981884699875,38.16981884699875,5.4142831239952685,1.6785958240816417
2.0,5.5424849699398795,0.3785954258307837,37.85954258307837,5.4142831239952685,1.6785958240816417
2.0,5.545891783567134,0.3755025674923258,37.55025674923258,5.4142831239952685,1.6785958240816417
2.0,5.5492985971943884,0.3724198329404531,37.24198329404531,5.4142831239952685,1.6785958240816417
2.0,5.552705410821643,0.36934743847705226,36.93474384770523,5.4142831239952685,1.6785958240816417
2.0,5.556112224448897,0.3662855971687445,36.62855971687445,5.4142831239952685,1.6785958240816417
2.0,5.559519038076153,0.3632345187976367,36.32345187976367,5.4142831239952685,1.6785958240816417
2.0,5.562925851703407,0.3601944098141562,36.01944098141562,5.4142831239952685,1.6785958240816417
2.0,5.566332665330662,0.3571654732919705,35.71654732919705,5.4142831239952685,1.6785958240816417
2.0,5.569739478957916,0.35414790888501835,35.414790888501834,5.4142831239952685,1.6785958240816417
2.0,5.573146292585171,0.3511419127866511,35.11419127866511,5.4142831239952685,1.6785958240816417
2.0,5.576553106212425,0.3481476776908927,34.81476776908927,5.4142831239952685,1.6785958240816417
2.0,5.57995991983968,0.34516539275582653,34.51653927558265,5.4142831239952685,1.6785958240816417
2.0,5.583366733466934,0.34219524356910747,34.219524356910746,5.4142831239952685,1.6785958240816417
2.0,5.586773547094189,0.339237412115603,33.9237412115603,5.4142831239952685,1.6785958240816417
2.0,5.590180360721443,0.33629207674716083,33.629207674716085,5.4142831239952685,1.6785958240816417
2.0,5.593587174348698,0.33335941215449993,33.33594121544999,5.4142831239952685,1.6785958240816417
2.0,5.596993987975952,0.3304395893412187,33.04395893412187,5.4142831239952685,1.6785958240816417
2.0,5.6004008016032065,0.32753277559991545,32.753277559991545,5.4142831239952685,1.6785958240816417
2.0,5.603807615230461,0.32463913449040976,32.46391344904097,5.4142831239952685,1.6785958240816417
2.0,5.6072144288577155,0.321758825820055,32.1758825820055,5.4142831239952685,1.6785958240816417
2.0,5.61062124248497,0.31889200562612946,31.889200562612945,5.4142831239952685,1.6785958240816417
2.0,5.614028056112224,0.3160388261602913,31.60388261602913,5.4142831239952685,1.6785958240816417
2.0,5.617434869739479,0.3131994358750813,31.31994358750813,5.4142831239952685,1.6785958240816417
2.0,5.620841683366733,0.3103739794124559,31.037397941245594,5.4142831239952685,1.6785958240816417
2.0,5.624248496993988,0.3075625975943308,30.756259759433078,5.4142831239952685,1.6785958240816417
2.0,5.627655310621242,0.3047654274151144,30.47654274151144,5.4142831239952685,1.6785958240816417
2.0,5.631062124248497,0.3019826020362093,30.19826020362093,5.4142831239952685,1.6785958240816417
2.0,5.634468937875752,0.29921425078245556,29.921425078245555,5.4142831239952685,1.6785958240816417
2.0,5.637875751503007,0.2964604991404973,29.646049914049733,5.4142831239952685,1.6785958240816417
2.0,5.641282565130261,0.293721468759033,29.372146875903297,5.4142831239952685,1.6785958240816417
2.0,5.644689378757516,0.2909972774509369,29.09972774509369,5.4142831239952685,1.6785958240816417
2.0,5.64809619238477,0.28828803919721246,28.828803919721246,5.4142831239952685,1.6785958240816417
2.0,5.651503006012025,0.2855938641527504,28.55938641527504,5.4142831239952685,1.6785958240816417
2.0,5.654909819639279,0.28291485865386035,28.291485865386036,5.4142831239952685,1.6785958240816417
2.0,5.658316633266534,0.2802511252275431,28.02511252275431,5.4142831239952685,1.6785958240816417
2.0,5.661723446893788,0.2776027626024705,27.760276260247053,5.4142831239952685,1.6785958240816417
2.0,5.6651302605210425,0.2749698657216385,27.496986572163852,5.4142831239952685,1.6785958240816417
2.0,5.668537074148297,0.2723525257566576,27.235252575665758,5.4142831239952685,1.6785958240816417
2.0,5.6719438877755515,0.26975083012364554,26.975083012364554,5.4142831239952685,1.6785958240816417
2.0,5.675350701402806,0.2671648625006851,26.71648625006851,5.4142831239952685,1.6785958240816417
2.0,5.67875751503006,0.2645947028468087,26.45947028468087,5.4142831239952685,1.6785958240816417
2.0,5.682164328657315,0.2620404274224732,26.204042742247317,5.4142831239952685,1.6785958240816417
2.0,5.685571142284569,0.2595021088114846,25.95021088114846,5.4142831239952685,1.6785958240816417
2.0,5.688977955911824,0.25697981594433483,25.697981594433482,5.4142831239952685,1.6785958240816417
2.0,5.692384769539078,0.25447361412290914,25.447361412290913,5.4142831239952685,1.6785958240816417
2.0,5.695791583166333,0.251983565046526,25.1983565046526,5.4142831239952685,1.6785958240816417
2.0,5.699198396793587,0.24950972683926698,24.950972683926697,5.4142831239952685,1.6785958240816417
2.0,5.702605210420842,0.24705215407855727,24.705215407855725,5.4142831239952685,1.6785958240816417
2.0,5.706012024048096,0.2446108978249549,24.461089782495492,5.4142831239952685,1.6785958240816417
2.0,5.709418837675351,0.24218600565310766,24.218600565310766,5.4142831239952685,1.6785958240816417
2.0,5.712825651302605,0.23977752168383623,23.977752168383624,5.4142831239952685,1.6785958240816417
2.0,5.71623246492986,0.23738548661730183,23.73854866173018,5.4142831239952685,1.6785958240816417
2.0,5.719639278557114,0.23500993776721676,23.500993776721675,5.4142831239952685,1.6785958240816417
2.0,5.723046092184369,0.232650909096057,23.2650909096057,5.4142831239952685,1.6785958240816417
2.0,5.726452905811623,0.2303084312512332,23.030843125123322,5.4142831239952685,1.6785958240816417
2.0,5.729859719438878,0.22798253160218146,22.798253160218145,5.4142831239952685,1.6785958240816417
2.0,5.733266533066132,0.2256732342783296,22.56732342783296,5.4142831239952685,1.6785958240816417
2.0,5.736673346693387,0.2233805602078998,22.338056020789978,5.4142831239952685,1.6785958240816417
2.0,5.740080160320641,0.2211045271575058,22.11045271575058,5.4142831239952685,1.6785958240816417
2.0,5.7434869739478955,0.21884514977250355,21.884514977250355,5.4142831239952685,1.6785958240816417
2.0,5.74689378757515,0.2166024396180552,21.66024396180552,5.4142831239952685,1.6785958240816417
2.0,5.7503006012024045,0.2143764052208667,21.43764052208667,5.4142831239952685,1.6785958240816417
2.0,5.753707414829659,0.21216705211155837,21.216705211155837,5.4142831239952685,1.6785958240816417
2.0,5.7571142284569135,0.20997438286762918,20.997438286762918,5.4142831239952685,1.6785958240816417
2.0,5.760521042084169,0.2077983971569757,20.77983971569757,5.4142831239952685,1.6785958240816417
2.0,5.763927855711423,0.20563909178193054,20.563909178193054,5.4142831239952685,1.6785958240816417
2.0,5.767334669338678,0.2034964607237724,20.34964607237724,5.4142831239952685,1.6785958240816417
2.0,5.770741482965932,0.20137049518768363,20.137049518768364,5.4142831239952685,1.6785958240816417
2.0,5.774148296593187,0.1992611836481082,19.92611836481082,5.4142831239952685,1.6785958240816417
2.0,5.777555110220441,0.19716851189447696,19.716851189447695,5.4142831239952685,1.6785958240816417
2.0,5.780961923847696,0.19509246307726552,19.509246307726553,5.4142831239952685,1.6785958240816417
2.0,5.78436873747495,0.19303301775434686,19.303301775434687,5.4142831239952685,1.6785958240816417
2.0,5.787775551102205,0.1909901539376066,19.09901539376066,5.4142831239952685,1.6785958240816417
2.0,5.791182364729459,0.1889638471397845,18.89638471397845,5.4142831239952685,1.6785958240816417
2.0,5.794589178356714,0.18695407042151127,18.69540704215113,5.4142831239952685,1.6785958240816417
2.0,5.797995991983968,0.18496079443850572,18.496079443850572,5.4142831239952685,1.6785958240816417
2.0,5.801402805611223,0.18298398748890238,18.29839874889024,5.4142831239952685,1.6785958240816417
2.0,5.804809619238477,0.18102361556067617,18.102361556067617,5.4142831239952685,1.6785958240816417
2.0,5.8082164328657315,0.1790796423791359,17.90796423791359,5.4142831239952685,1.6785958240816417
2.0,5.811623246492986,0.1771520294544546,17.71520294544546,5.4142831239952685,1.6785958240816417
2.0,5.8150300601202405,0.175240736129209,17.5240736129209,5.4142831239952685,1.6785958240816417
2.0,5.818436873747495,0.17334571962589954,17.334571962589955,5.4142831239952685,1.6785958240816417
2.0,5.821843687374749,0.17146693509442248,17.146693509442247,5.4142831239952685,1.6785958240816417
2.0,5.825250501002004,0.16960433565946897,16.960433565946897,5.4142831239952685,1.6785958240816417
2.0,5.828657314629258,0.16775787246782292,16.775787246782293,5.4142831239952685,1.6785958240816417
2.0,5.832064128256513,0.1659274947355344,16.59274947355344,5.4142831239952685,1.6785958240816417
2.0,5.835470941883768,0.1641131497949417,16.411314979494172,5.4142831239952685,1.6785958240816417
2.0,5.838877755511023,0.1623147831415229,16.23147831415229,5.4142831239952685,1.6785958240816417
2.0,5.842284569138277,0.16053233848054532,16.053233848054532,5.4142831239952685,1.6785958240816417
2.0,5.845691382765532,0.15876575777350108,15.876575777350107,5.4142831239952685,1.6785958240816417
2.0,5.849098196392786,0.15701498128429972,15.701498128429972,5.4142831239952685,1.6785958240816417
2.0,5.852505010020041,0.1552799476252005,15.52799476252005,5.4142831239952685,1.6785958240816417
2.0,5.855911823647295,0.15356059380246317,15.356059380246318,5.4142831239952685,1.6785958240816417
2.0,5.85931863727455,0.15185685526169918,15.185685526169918,5.4142831239952685,1.6785958240816417
2.0,5.862725450901804,0.1501686659329036,15.01686659329036,5.4142831239952685,1.6785958240816417
2.0,5.866132264529059,0.1484959582751515,14.849595827515149,5.4142831239952685,1.6785958240816417
2.0,5.869539078156313,0.1468386633209405,14.68386633209405,5.4142831239952685,1.6785958240816417
2.0,5.8729458917835675,0.14519671072016443,14.519671072016443,5.4142831239952685,1.6785958240816417
2.0,5.876352705410822,0.14357002878370181,14.357002878370182,5.4142831239952685,1.6785958240816417
2.0,5.8797595190380765,0.14195854452660506,14.195854452660505,5.4142831239952685,1.6785958240816417
2.0,5.883166332665331,0.14036218371087575,14.036218371087575,5.4142831239952685,1.6785958240816417
2.0,5.886573146292585,0.1387808708878134,13.87808708878134,5.4142831239952685,1.6785958240816417
2.0,5.88997995991984,0.1372145294399244,13.72145294399244,5.4142831239952685,1.6785958240816417
2.0,5.893386773547094,0.1356630816223792,13.56630816223792,5.4142831239952685,1.6785958240816417
2.0,5.896793587174349,0.13412644860400746,13.412644860400746,5.4142831239952685,1.6785958240816417
2.0,5.900200400801603,0.13260455050781894,13.260455050781895,5.4142831239952685,1.6785958240816417
2.0,5.903607214428858,0.1310973064510417,13.10973064510417,5.4142831239952685,1.6785958240816417
2.0,5.907014028056112,0.12960463458466698,12.960463458466698,5.4142831239952685,1.6785958240816417
2.0,5.910420841683367,0.12812645213249313,12.812645213249313,5.4142831239952685,1.6785958240816417
2.0,5.913827655310621,0.12666267542965975,12.666267542965976,5.4142831239952685,1.6785958240816417
2.0,5.917234468937876,0.12521321996066492,12.521321996066492,5.4142831239952685,1.6785958240816417
2.0,5.92064128256513,0.12377800039685828,12.377800039685829,5.4142831239952685,1.6785958240816417
2.0,5.924048096192385,0.12235693063340419,12.235693063340419,5.4142831239952685,1.6785958240816417
2.0,5.927454909819639,0.12094992382570842,12.094992382570842,5.4142831239952685,1.6785958240816417
2.0,5.930861723446894,0.1195568924253038,11.955689242530381,5.4142831239952685,1.6785958240816417
2.0,5.934268537074148,0.11817774821518985,11.817774821518984,5.4142831239952685,1.6785958240816417
2.0,5.937675350701403,0.11681240234462208,11.681240234462207,5.4142831239952685,1.6785958240816417
2.0,5.941082164328657,0.11546076536334769,11.54607653633477,5.4142831239952685,1.6785958240816417
2.0,5.944488977955912,0.11412274725528397,11.412274725528397,5.4142831239952685,1.6785958240816417
2.0,5.947895791583166,0.11279825747163731,11.27982574716373,5.4142831239952685,1.6785958240816417
2.0,5.9513026052104205,0.11148720496345974,11.148720496345973,5.4142831239952685,1.6785958240816417
2.0,5.954709418837675,0.11018949821364242,11.018949821364242,5.4142831239952685,1.6785958240816417
2.0,5.95811623246493,0.10890504526834296,10.890504526834297,5.4142831239952685,1.6785958240816417
2.0,5.961523046092185,0.10763375376784895,10.763375376784895,5.4142831239952685,1.6785958240816417
2.0,5.964929859719439,0.10637553097687139,10.637553097687139,5.4142831239952685,1.6785958240816417
2.0,5.968336673346694,0.10513028381427478,10.513028381427478,5.4142831239952685,1.6785958240816417
2.0,5.971743486973948,0.1038979188822393,10.38979188822393,5.4142831239952685,1.6785958240816417
2.0,5.975150300601203,0.10267834249485747,10.267834249485746,5.4142831239952685,1.6785958240816417
2.0,5.978557114228457,0.10147146070616603,10.147146070616603,5.4142831239952685,1.6785958240816417
2.0,5.981963927855712,0.10027717933761465,10.027717933761465,5.4142831239952685,1.6785958240816417
2.0,5.985370741482966,0.09909540400497248,9.909540400497248,5.4142831239952685,1.6785958240816417
2.0,5.988777555110221,0.09792604014467546,9.792604014467546,5.4142831239952685,1.6785958240816417
2.0,5.992184368737475,0.09676899303961557,9.676899303961557,5.4142831239952685,1.6785958240816417
2.0,5.99559118236473,0.09562416784437584,9.562416784437584,5.4142831239952685,1.6785958240816417
2.0,5.998997995991984,0.09449146960991268,9.449146960991268,5.4142831239952685,1.6785958240816417
2.0,6.002404809619239,0.09337080330768989,9.33708033076899,5.4142831239952685,1.6785958240816417
2.0,6.005811623246493,0.09226207385326668,9.226207385326667,5.4142831239952685,1.6785958240816417
2.0,6.009218436873748,0.09116518612934424,9.116518612934424,5.4142831239952685,1.6785958240816417
2.0,6.012625250501002,0.09008004500827398,9.008004500827397,5.4142831239952685,1.6785958240816417
2.0,6.0160320641282565,0.08900655537403195,8.900655537403194,5.4142831239952685,1.6785958240816417
2.0,6.019438877755511,0.08794462214366357,8.794462214366357,5.4142831239952685,1.6785958240816417
2.0,6.0228456913827655,0.08689415028820338,8.689415028820338,5.4142831239952685,1.6785958240816417
2.0,6.02625250501002,0.08585504485307416,8.585504485307416,5.4142831239952685,1.6785958240816417
2.0,6.0296593186372744,0.08482721097797048,8.482721097797048,5.4142831239952685,1.6785958240816417
2.0,6.03306613226453,0.0838105539162313,8.38105539162313,5.4142831239952685,1.6785958240816417
2.0,6.036472945891784,0.0828049790537089,8.28049790537089,5.4142831239952685,1.6785958240816417
2.0,6.039879759519039,0.08181039192713468,8.181039192713468,5.4142831239952685,1.6785958240816417
2.0,6.043286573146293,0.08082669824199311,8.08266982419931,5.4142831239952685,1.6785958240816417
2.0,6.046693386773548,0.07985380388990561,7.985380388990561,5.4142831239952685,1.6785958240816417
2.0,6.050100200400802,0.07889161496553117,7.8891614965531165,5.4142831239952685,1.6785958240816417
2.0,6.053507014028057,0.07794003778298969,7.794003778298969,5.4142831239952685,1.6785958240816417
2.0,6.056913827655311,0.07699897889181385,7.699897889181385,5.4142831239952685,1.6785958240816417
2.0,6.060320641282566,0.07606834509243533,7.606834509243534,5.4142831239952685,1.6785958240816417
2.0,6.06372745490982,0.07514804345121197,7.514804345121197,5.4142831239952685,1.6785958240816417
2.0,6.067134268537075,0.07423798131500166,7.423798131500166,5.4142831239952685,1.6785958240816417
2.0,6.070541082164329,0.07333806632528934,7.333806632528934,5.4142831239952685,1.6785958240816417
2.0,6.073947895791584,0.07244820643187341,7.244820643187341,5.4142831239952685,1.6785958240816417
2.0,6.077354709418838,0.0715683099061182,7.15683099061182,5.4142831239952685,1.6785958240816417
2.0,6.0807615230460925,0.0706982853537786,7.0698285353778605,5.4142831239952685,1.6785958240816417
2.0,6.084168336673347,0.06983804172740342,6.983804172740342,5.4142831239952685,1.6785958240816417
2.0,6.0875751503006015,0.06898748833832412,6.898748833832411,5.4142831239952685,1.6785958240816417
2.0,6.090981963927856,0.06814653486823535,6.814653486823535,5.4142831239952685,1.6785958240816417
2.0,6.09438877755511,0.06731509138037402,6.731509138037402,5.4142831239952685,1.6785958240816417
2.0,6.097795591182365,0.06649306833030327,6.6493068330303275,5.4142831239952685,1.6785958240816417
2.0,6.101202404809619,0.06568037657630806,6.568037657630805,5.4142831239952685,1.6785958240816417
2.0,6.104609218436874,0.06487692738940899,6.4876927389409,5.4142831239952685,1.6785958240816417
2.0,6.108016032064128,0.06408263246300118,6.408263246300118,5.4142831239952685,1.6785958240816417
2.0,6.111422845691383,0.0632974039221243,6.32974039221243,5.4142831239952685,1.6785958240816417
2.0,6.114829659318637,0.06252115433237097,6.252115433237098,5.4142831239952685,1.6785958240816417
2.0,6.118236472945892,0.06175379670843957,6.175379670843957,5.4142831239952685,1.6785958240816417
2.0,6.121643286573146,0.060995244522338614,6.099524452233862,5.4142831239952685,1.6785958240816417
2.0,6.125050100200401,0.060245411711248656,6.0245411711248655,5.4142831239952685,1.6785958240816417
2.0,6.128456913827655,0.05950421268504875,5.950421268504875,5.4142831239952685,1.6785958240816417
2.0,6.13186372745491,0.05877156233351371,5.8771562333513705,5.4142831239952685,1.6785958240816417
2.0,6.135270541082164,0.058047376033188686,5.804737603318869,5.4142831239952685,1.6785958240816417
2.0,6.138677354709419,0.05733156965394761,5.733156965394761,5.4142831239952685,1.6785958240816417
2.0,6.142084168336673,0.05662405956524185,5.662405956524185,5.4142831239952685,1.6785958240816417
2.0,6.145490981963928,0.055924762642045295,5.59247626420453,5.4142831239952685,1.6785958240816417
2.0,6.148897795591182,0.055233596270502464,5.5233596270502465,5.4142831239952685,1.6785958240816417
2.0,6.152304609218437,0.054550478353285775,5.455047835328577,5.4142831239952685,1.6785958240816417
2.0,6.155711422845691,0.05387532731466816,5.387532731466816,5.4142831239952685,1.6785958240816417
2.0,6.159118236472946,0.053208062105317054,5.320806210531705,5.4142831239952685,1.6785958240816417
2.0,6.162525050100201,0.05254860220681694,5.254860220681694,5.4142831239952685,1.6785958240816417
2.0,6.165931863727455,0.051896867635924,5.1896867635924,5.4142831239952685,1.6785958240816417
2.0,6.16933867735471,0.051252778948562186,5.125277894856219,5.4142831239952685,1.6785958240816417
2.0,6.172745490981964,0.05061625724356406,5.061625724356406,5.4142831239952685,1.6785958240816417
2.0,6.176152304609219,0.04998722416616348,4.998722416616348,5.4142831239952685,1.6785958240816417
2.0,6.179559118236473,0.04936560191124568,4.936560191124568,5.4142831239952685,1.6785958240816417
2.0,6.182965931863728,0.04875131322636051,4.875131322636051,5.4142831239952685,1.6785958240816417
2.0,6.186372745490982,0.048144281414504456,4.8144281414504455,5.4142831239952685,1.6785958240816417
2.0,6.189779559118237,0.04754443033667713,4.754443033667713,5.4142831239952685,1.6785958240816417
2.0,6.193186372745491,0.046951684414217945,4.695168441421795,5.4142831239952685,1.6785958240816417
2.0,6.196593186372746,0.046365968630928,4.6365968630928,5.4142831239952685,1.6785958240816417
2.0,6.2,0.04578720853498317,4.578720853498317,5.4142831239952685,1.6785958240816417
2.3,4.5,0.9781265733851136,97.81265733851136,5.512204056655507,1.6305785612481734
2.3,4.5034068136272545,0.9778512292051367,97.78512292051367,5.512204056655507,1.6305785612481734
2.3,4.506813627254509,0.9775724984471408,97.75724984471408,5.512204056655507,1.6305785612481734
2.3,4.510220440881763,0.9772903414701061,97.72903414701061,5.512204056655507,1.6305785612481734
2.3,4.513627254509018,0.9770047182199343,97.70047182199343,5.512204056655507,1.6305785612481734
2.3,4.517034068136272,0.9767155882264542,97.67155882264542,5.512204056655507,1.6305785612481734
2.3,4.520440881763527,0.9764229106004401,97.642291060044,5.512204056655507,1.6305785612481734
2.3,4.523847695390781,0.9761266440306459,97.61266440306458,5.512204056655507,1.6305785612481734
2.3,4.527254509018036,0.9758267467808573,97.58267467808574,5.512204056655507,1.6305785612481734
2.3,4.53066132264529,0.9755231766869616,97.55231766869616,5.512204056655507,1.6305785612481734
2.3,4.534068136272545,0.9752158911540368,97.52158911540369,5.512204056655507,1.6305785612481734
2.3,4.537474949899799,0.9749048471534619,97.4904847153462,5.512204056655507,1.6305785612481734
2.3,4.540881763527054,0.9745900012200513,97.45900012200514,5.512204056655507,1.6305785612481734
2.3,4.544288577154308,0.9742713094492114,97.42713094492113,5.512204056655507,1.6305785612481734
2.3,4.547695390781563,0.9739487274941239,97.39487274941239,5.512204056655507,1.6305785612481734
2.3,4.551102204408818,0.9736222105629563,97.36222105629562,5.512204056655507,1.6305785612481734
2.3,4.5545090180360726,0.9732917134161013,97.32917134161013,5.512204056655507,1.6305785612481734
2.3,4.557915831663327,0.9729571903634469,97.29571903634468,5.512204056655507,1.6305785612481734
2.3,4.5613226452905815,0.9726185952616778,97.26185952616778,5.512204056655507,1.6305785612481734
2.3,4.564729458917836,0.9722758815116138,97.22758815116138,5.512204056655507,1.6305785612481734
2.3,4.5681362725450905,0.97192900205558,97.192900205558,5.512204056655507,1.6305785612481734
2.3,4.571543086172345,0.9715779093748181,97.15779093748182,5.512204056655507,1.6305785612481734
2.3,4.574949899799599,0.9712225554869367,97.12225554869367,5.512204056655507,1.6305785612481734
2.3,4.578356713426854,0.9708628919434011,97.08628919434011,5.512204056655507,1.6305785612481734
2.3,4.581763527054108,0.9704988698270705,97.04988698270705,5.512204056655507,1.6305785612481734
2.3,4.585170340681363,0.9701304397497764,97.01304397497765,5.512204056655507,1.6305785612481734
2.3,4.588577154308617,0.9697575518499534,96.97575518499534,5.512204056655507,1.6305785612481734
2.3,4.591983967935872,0.9693801557903159,96.93801557903159,5.512204056655507,1.6305785612481734
2.3,4.595390781563126,0.9689982007555893,96.89982007555894,5.512204056655507,1.6305785612481734
2.3,4.598797595190381,0.9686116354502949,96.8611635450295,5.512204056655507,1.6305785612481734
2.3,4.602204408817635,0.9682204080965914,96.82204080965914,5.512204056655507,1.6305785612481734
2.3,4.60561122244489,0.9678244664321739,96.78244664321738,5.512204056655507,1.6305785612481734
2.3,4.609018036072144,0.9674237577082379,96.74237577082378,5.512204056655507,1.6305785612481734
2.3,4.612424849699399,0.9670182286875024,96.70182286875024,5.512204056655507,1.6305785612481734
2.3,4.615831663326653,0.9666078256423036,96.66078256423036,5.512204056655507,1.6305785612481734
2.3,4.619238476953908,0.9661924943527543,96.61924943527544,5.512204056655507,1.6305785612481734
2.3,4.622645290581162,0.9657721801049766,96.57721801049766,5.512204056655507,1.6305785612481734
2.3,4.626052104208417,0.9653468276894072,96.53468276894071,5.512204056655507,1.6305785612481734
2.3,4.629458917835671,0.9649163813991813,96.49163813991814,5.512204056655507,1.6305785612481734
2.3,4.632865731462926,0.9644807850285946,96.44807850285946,5.512204056655507,1.6305785612481734
2.3,4.63627254509018,0.964039981871648,96.4039981871648,5.512204056655507,1.6305785612481734
2.3,4.6396793587174345,0.9635939147206789,96.35939147206788,5.512204056655507,1.6305785612481734
2.3,4.643086172344689,0.963142525865078,96.31425258650779,5.512204056655507,1.6305785612481734
2.3,4.6464929859719435,0.9626857570901001,96.26857570901001,5.512204056655507,1.6305785612481734
2.3,4.649899799599199,0.9622235496757683,96.22235496757683,5.512204056655507,1.6305785612481734
2.3,4.653306613226453,0.9617558443958748,96.17558443958748,5.512204056655507,1.6305785612481734
2.3,4.656713426853708,0.9612825815170829,96.1282581517083,5.512204056655507,1.6305785612481734
2.3,4.660120240480962,0.9608037007981326,96.08037007981326,5.512204056655507,1.6305785612481734
2.3,4.663527054108217,0.9603191414891545,96.03191414891545,5.512204056655507,1.6305785612481734
2.3,4.666933867735471,0.9598288423310916,95.98288423310916,5.512204056655507,1.6305785612481734
2.3,4.670340681362726,0.9593327415552382,95.93327415552382,5.512204056655507,1.6305785612481734
2.3,4.67374749498998,0.958830776882893,95.88307768828929,5.512204056655507,1.6305785612481734
2.3,4.677154308617235,0.9583228855251352,95.83228855251352,5.512204056655507,1.6305785612481734
2.3,4.680561122244489,0.9578090041827249,95.78090041827248,5.512204056655507,1.6305785612481734
2.3,4.683967935871744,0.9572890690461296,95.72890690461297,5.512204056655507,1.6305785612481734
2.3,4.687374749498998,0.956763015795686,95.6763015795686,5.512204056655507,1.6305785612481734
2.3,4.690781563126253,0.9562307796018942,95.62307796018942,5.512204056655507,1.6305785612481734
2.3,4.694188376753507,0.9556922951258525,95.56922951258525,5.512204056655507,1.6305785612481734
2.3,4.697595190380762,0.9551474965198365,95.51474965198365,5.512204056655507,1.6305785612481734
2.3,4.701002004008016,0.9545963174280243,95.45963174280243,5.512204056655507,1.6305785612481734
2.3,4.7044088176352705,0.954038690987373,95.4038690987373,5.512204056655507,1.6305785612481734
2.3,4.707815631262525,0.9534745498286517,95.34745498286516,5.512204056655507,1.6305785612481734
2.3,4.7112224448897795,0.9529038260776327,95.29038260776326,5.512204056655507,1.6305785612481734
2.3,4.714629258517034,0.952326451356447,95.2326451356447,5.512204056655507,1.6305785612481734
2.3,4.718036072144288,0.9517423567851083,95.17423567851083,5.512204056655507,1.6305785612481734
2.3,4.721442885771543,0.9511514729832086,95.11514729832086,5.512204056655507,1.6305785612481734
2.3,4.724849699398797,0.95055373007179,95.055373007179,5.512204056655507,1.6305785612481734
2.3,4.728256513026052,0.9499490576753993,94.99490576753993,5.512204056655507,1.6305785612481734
2.3,4.731663326653306,0.949337384924326,94.9337384924326,5.512204056655507,1.6305785612481734
2.3,4.735070140280561,0.9487186404570324,94.87186404570323,5.512204056655507,1.6305785612481734
2.3,4.738476953907815,0.948092752422777,94.8092752422777,5.512204056655507,1.6305785612481734
2.3,4.74188376753507,0.9474596484844379,94.74596484844379,5.512204056655507,1.6305785612481734
2.3,4.745290581162324,0.9468192558215394,94.68192558215394,5.512204056655507,1.6305785612481734
2.3,4.748697394789579,0.9461715011334892,94.61715011334893,5.512204056655507,1.6305785612481734
2.3,4.752104208416833,0.9455163106430277,94.55163106430277,5.512204056655507,1.6305785612481734
2.3,4.755511022044089,0.9448536100998952,94.48536100998952,5.512204056655507,1.6305785612481734
2.3,4.758917835671343,0.9441833247847246,94.41833247847245,5.512204056655507,1.6305785612481734
2.3,4.762324649298598,0.9435053795131604,94.35053795131604,5.512204056655507,1.6305785612481734
2.3,4.765731462925852,0.9428196986402118,94.28196986402118,5.512204056655507,1.6305785612481734
2.3,4.7691382765531065,0.9421262060648444,94.21262060648445,5.512204056655507,1.6305785612481734
2.3,4.772545090180361,0.9414248252348142,94.14248252348142,5.512204056655507,1.6305785612481734
2.3,4.7759519038076155,0.9407154791517517,94.07154791517517,5.512204056655507,1.6305785612481734
2.3,4.77935871743487,0.9399980903764982,93.99980903764981,5.512204056655507,1.6305785612481734
2.3,4.782765531062124,0.9392725810347016,93.92725810347015,5.512204056655507,1.6305785612481734
2.3,4.786172344689379,0.9385388728226765,93.85388728226765,5.512204056655507,1.6305785612481734
2.3,4.789579158316633,0.9377968870135323,93.77968870135322,5.512204056655507,1.6305785612481734
2.3,4.792985971943888,0.9370465444635785,93.70465444635785,5.512204056655507,1.6305785612481734
2.3,4.796392785571142,0.9362877656190066,93.62877656190066,5.512204056655507,1.6305785612481734
2.3,4.799799599198397,0.93552047052286,93.552047052286,5.512204056655507,1.6305785612481734
2.3,4.803206412825651,0.9347445788222929,93.47445788222929,5.512204056655507,1.6305785612481734
2.3,4.806613226452906,0.9339600097761253,93.39600097761253,5.512204056655507,1.6305785612481734
2.3,4.81002004008016,0.9331666822627003,93.31666822627002,5.512204056655507,1.6305785612481734
2.3,4.813426853707415,0.9323645147880468,93.23645147880468,5.512204056655507,1.6305785612481734
2.3,4.816833667334669,0.9315534254943553,93.15534254943553,5.512204056655507,1.6305785612481734
2.3,4.820240480961924,0.9307333321687699,93.07333321687699,5.512204056655507,1.6305785612481734
2.3,4.823647294589178,0.9299041522525058,92.99041522525057,5.512204056655507,1.6305785612481734
2.3,4.827054108216433,0.9290658028502916,92.90658028502916,5.512204056655507,1.6305785612481734
2.3,4.830460921843687,0.9282182007401479,92.8218200740148,5.512204056655507,1.6305785612481734
2.3,4.833867735470942,0.9273612623835045,92.73612623835045,5.512204056655507,1.6305785612481734
2.3,4.837274549098196,0.9264949039356604,92.64949039356604,5.512204056655507,1.6305785612481734
2.3,4.840681362725451,0.925619041256596,92.5619041256596,5.512204056655507,1.6305785612481734
2.3,4.844088176352705,0.9247335899221388,92.47335899221389,5.512204056655507,1.6305785612481734
2.3,4.84749498997996,0.9238384652354897,92.38384652354897,5.512204056655507,1.6305785612481734
2.3,4.850901803607215,0.9229335822391159,92.2933582239116,5.512204056655507,1.6305785612481734
2.3,4.854308617234469,0.922018855727012,92.2018855727012,5.512204056655507,1.6305785612481734
2.3,4.857715430861724,0.9210942002573407,92.10942002573407,5.512204056655507,1.6305785612481734
2.3,4.861122244488978,0.9201595301654519,92.0159530165452,5.512204056655507,1.6305785612481734
2.3,4.864529058116233,0.9192147595772887,91.92147595772887,5.512204056655507,1.6305785612481734
2.3,4.867935871743487,0.9182598024231851,91.82598024231851,5.512204056655507,1.6305785612481734
2.3,4.871342685370742,0.9172945724520593,91.72945724520592,5.512204056655507,1.6305785612481734
2.3,4.874749498997996,0.9163189832460077,91.63189832460077,5.512204056655507,1.6305785612481734
2.3,4.878156312625251,0.9153329482353046,91.53329482353047,5.512204056655507,1.6305785612481734
2.3,4.881563126252505,0.9143363807138133,91.43363807138132,5.512204056655507,1.6305785612481734
2.3,4.88496993987976,0.9133291938548103,91.33291938548102,5.512204056655507,1.6305785612481734
2.3,4.888376753507014,0.9123113007272308,91.23113007272308,5.512204056655507,1.6305785612481734
2.3,4.891783567134269,0.9112826143123367,91.12826143123367,5.512204056655507,1.6305785612481734
2.3,4.895190380761523,0.9102430475208132,91.02430475208132,5.512204056655507,1.6305785612481734
2.3,4.898597194388778,0.9091925132102973,90.91925132102972,5.512204056655507,1.6305785612481734
2.3,4.902004008016032,0.9081309242033434,90.81309242033434,5.512204056655507,1.6305785612481734
2.3,4.905410821643287,0.9070581933058272,90.70581933058271,5.512204056655507,1.6305785612481734
2.3,4.908817635270541,0.9059742333257952,90.59742333257952,5.512204056655507,1.6305785612481734
2.3,4.9122244488977955,0.9048789570927601,90.48789570927602,5.512204056655507,1.6305785612481734
2.3,4.91563126252505,0.9037722774774488,90.37722774774488,5.512204056655507,1.6305785612481734
2.3,4.9190380761523045,0.9026541074120015,90.26541074120014,5.512204056655507,1.6305785612481734
2.3,4.922444889779559,0.9015243599106307,90.15243599106307,5.512204056655507,1.6305785612481734
2.3,4.925851703406813,0.900382948090738,90.0382948090738,5.512204056655507,1.6305785612481734
2.3,4.929258517034068,0.8992297851944951,89.92297851944952,5.512204056655507,1.6305785612481734
2.3,4.932665330661322,0.8980647846108881,89.80647846108882,5.512204056655507,1.6305785612481734
2.3,4.936072144288577,0.8968878598982299,89.68878598982299,5.512204056655507,1.6305785612481734
2.3,4.939478957915831,0.8956989248071424,89.56989248071424,5.512204056655507,1.6305785612481734
2.3,4.942885771543086,0.8944978933040079,89.44978933040079,5.512204056655507,1.6305785612481734
2.3,4.94629258517034,0.8932846795948947,89.32846795948947,5.512204056655507,1.6305785612481734
2.3,4.949699398797595,0.8920591981499562,89.20591981499561,5.512204056655507,1.6305785612481734
2.3,4.95310621242485,0.8908213637283032,89.08213637283032,5.512204056655507,1.6305785612481734
2.3,4.956513026052105,0.8895710914033551,88.9571091403355,5.512204056655507,1.6305785612481734
2.3,4.959919839679359,0.8883082965886625,88.83082965886625,5.512204056655507,1.6305785612481734
2.3,4.963326653306614,0.8870328950642092,88.70328950642093,5.512204056655507,1.6305785612481734
2.3,4.966733466933868,0.8857448030031899,88.574480300319,5.512204056655507,1.6305785612481734
2.3,4.970140280561123,0.8844439369992615,88.44439369992615,5.512204056655507,1.6305785612481734
2.3,4.973547094188377,0.8831302140942715,88.31302140942715,5.512204056655507,1.6305785612481734
2.3,4.9769539078156315,0.8818035518064576,88.18035518064576,5.512204056655507,1.6305785612481734
2.3,4.980360721442886,0.8804638681591209,88.04638681591209,5.512204056655507,1.6305785612481734
2.3,4.9837675350701405,0.8791110817097688,87.91110817097689,5.512204056655507,1.6305785612481734
2.3,4.987174348697395,0.8777451115797258,87.77451115797258,5.512204056655507,1.6305785612481734
2.3,4.990581162324649,0.8763658774842096,87.63658774842096,5.512204056655507,1.6305785612481734
2.3,4.993987975951904,0.8749732997628699,87.49732997628699,5.512204056655507,1.6305785612481734
2.3,4.997394789579158,0.873567299410786,87.3567299410786,5.512204056655507,1.6305785612481734
2.3,5.000801603206413,0.87214779810992,87.214779810992,5.512204056655507,1.6305785612481734
2.3,5.004208416833667,0.87071471826102,87.071471826102,5.512204056655507,1.6305785612481734
2.3,5.007615230460922,0.8692679830159709,86.92679830159709,5.512204056655507,1.6305785612481734
2.3,5.011022044088176,0.8678075163105855,86.78075163105855,5.512204056655507,1.6305785612481734
2.3,5.014428857715431,0.8663332428978316,86.63332428978316,5.512204056655507,1.6305785612481734
2.3,5.017835671342685,0.8648450883814897,86.48450883814897,5.512204056655507,1.6305785612481734
2.3,5.02124248496994,0.8633429792502314,86.33429792502314,5.512204056655507,1.6305785612481734
2.3,5.024649298597194,0.8618268429121173,86.18268429121173,5.512204056655507,1.6305785612481734
2.3,5.028056112224449,0.860296607729501,86.0296607729501,5.512204056655507,1.6305785612481734
2.3,5.031462925851703,0.8587522030543356,85.87522030543356,5.512204056655507,1.6305785612481734
2.3,5.034869739478958,0.8571935592638719,85.71935592638718,5.512204056655507,1.6305785612481734
2.3,5.038276553106212,0.8556206077967394,85.56206077967394,5.512204056655507,1.6305785612481734
2.3,5.041683366733467,0.8540332811894028,85.40332811894028,5.512204056655507,1.6305785612481734
2.3,5.045090180360722,0.8524315131129794,85.24315131129794,5.512204056655507,1.6305785612481734
2.3,5.0484969939879765,0.850815238410415,85.0815238410415,5.512204056655507,1.6305785612481734
2.3,5.051903807615231,0.849184393133994,84.9184393133994,5.512204056655507,1.6305785612481734
2.3,5.055310621242485,0.8475389145831873,84.75389145831873,5.512204056655507,1.6305785612481734
2.3,5.05871743486974,0.8458787413428142,84.58787413428142,5.512204056655507,1.6305785612481734
2.3,5.062124248496994,0.8442038133215103,84.42038133215102,5.512204056655507,1.6305785612481734
2.3,5.065531062124249,0.8425140717904873,84.25140717904873,5.512204056655507,1.6305785612481734
2.3,5.068937875751503,0.8408094594225708,84.08094594225707,5.512204056655507,1.6305785612481734
2.3,5.072344689378758,0.8390899203315012,83.90899203315013,5.512204056655507,1.6305785612481734
2.3,5.075751503006012,0.8373554001114817,83.73554001114817,5.512204056655507,1.6305785612481734
2.3,5.079158316633267,0.835605845876959,83.5605845876959,5.512204056655507,1.6305785612481734
2.3,5.082565130260521,0.8338412063026209,83.38412063026209,5.512204056655507,1.6305785612481734
2.3,5.085971943887776,0.8320614316635905,83.20614316635904,5.512204056655507,1.6305785612481734
2.3,5.08937875751503,0.8302664738758024,83.02664738758024,5.512204056655507,1.6305785612481734
2.3,5.092785571142285,0.8284562865365429,82.84562865365429,5.512204056655507,1.6305785612481734
2.3,5.096192384769539,0.8266308249651321,82.66308249651321,5.512204056655507,1.6305785612481734
2.3,5.099599198396794,0.8247900462437329,82.47900462437329,5.512204056655507,1.6305785612481734
2.3,5.103006012024048,0.822933909258262,82.2933909258262,5.512204056655507,1.6305785612481734
2.3,5.106412825651303,0.8210623747393875,82.10623747393875,5.512204056655507,1.6305785612481734
2.3,5.109819639278557,0.8191754053035868,81.91754053035868,5.512204056655507,1.6305785612481734
2.3,5.113226452905812,0.8172729654942462,81.72729654942462,5.512204056655507,1.6305785612481734
2.3,5.116633266533066,0.8153550218227796,81.53550218227797,5.512204056655507,1.6305785612481734
2.3,5.1200400801603205,0.8134215428097399,81.34215428097399,5.512204056655507,1.6305785612481734
2.3,5.123446893787575,0.8114724990259043,81.14724990259043,5.512204056655507,1.6305785612481734
2.3,5.1268537074148295,0.8095078631333062,80.95078631333062,5.512204056655507,1.6305785612481734
2.3,5.130260521042084,0.8075276099261884,80.75276099261885,5.512204056655507,1.6305785612481734
2.3,5.1336673346693384,0.8055317163718542,80.55317163718541,5.512204056655507,1.6305785612481734
2.3,5.137074148296593,0.80352016165139,80.35201616513899,5.512204056655507,1.6305785612481734
2.3,5.140480961923847,0.8014929272002309,80.14929272002308,5.512204056655507,1.6305785612481734
2.3,5.143887775551102,0.7994499967485459,79.94499967485459,5.512204056655507,1.6305785612481734
2.3,5.147294589178356,0.7973913563614099,79.73913563614099,5.512204056655507,1.6305785612481734
2.3,5.150701402805611,0.7953169944787407,79.53169944787408,5.512204056655507,1.6305785612481734
2.3,5.154108216432865,0.7932269019549677,79.32269019549678,5.512204056655507,1.6305785612481734
2.3,5.157515030060121,0.7911210720984027,79.11210720984026,5.512204056655507,1.6305785612481734
2.3,5.160921843687375,0.7889995007102912,78.89995007102912,5.512204056655507,1.6305785612481734
2.3,5.16432865731463,0.7868621861234998,78.68621861234998,5.512204056655507,1.6305785612481734
2.3,5.167735470941884,0.7847091292408241,78.47091292408241,5.512204056655507,1.6305785612481734
2.3,5.171142284569139,0.7825403335728784,78.25403335728784,5.512204056655507,1.6305785612481734
2.3,5.174549098196393,0.7803558052755356,78.03558052755356,5.512204056655507,1.6305785612481734
2.3,5.177955911823648,0.7781555531868888,77.81555531868888,5.512204056655507,1.6305785612481734
2.3,5.181362725450902,0.7759395888637017,77.59395888637017,5.512204056655507,1.6305785612481734
2.3,5.1847695390781565,0.7737079266173132,77.37079266173133,5.512204056655507,1.6305785612481734
2.3,5.188176352705411,0.7714605835489676,77.14605835489677,5.512204056655507,1.6305785612481734
2.3,5.1915831663326655,0.7691975795845347,76.91975795845347,5.512204056655507,1.6305785612481734
2.3,5.19498997995992,0.7669189375085861,76.69189375085861,5.512204056655507,1.6305785612481734
2.3,5.198396793587174,0.7646246829977973,76.46246829977973,5.512204056655507,1.6305785612481734
2.3,5.201803607214429,0.7623148446536402,76.23148446536402,5.512204056655507,1.6305785612481734
2.3,5.205210420841683,0.7599894540343317,75.99894540343317,5.512204056655507,1.6305785612481734
2.3,5.208617234468938,0.757648545686006,75.7648545686006,5.512204056655507,1.6305785612481734
2.3,5.212024048096192,0.7552921571730762,75.52921571730762,5.512204056655507,1.6305785612481734
2.3,5.215430861723447,0.7529203291077511,75.2920329107751,5.512204056655507,1.6305785612481734
2.3,5.218837675350701,0.7505331051786736,75.05331051786736,5.512204056655507,1.6305785612481734
2.3,5.222244488977956,0.7481305321786451,74.8130532178645,5.512204056655507,1.6305785612481734
2.3,5.22565130260521,0.7457126600314058,74.57126600314058,5.512204056655507,1.6305785612481734
2.3,5.229058116232465,0.7432795418174323,74.32795418174322,5.512204056655507,1.6305785612481734
2.3,5.232464929859719,0.7408312337987215,74.08312337987215,5.512204056655507,1.6305785612481734
2.3,5.235871743486974,0.7383677954425281,73.8367795442528,5.512204056655507,1.6305785612481734
2.3,5.239278557114228,0.735889289444019,73.5889289444019,5.512204056655507,1.6305785612481734
2.3,5.2426853707414836,0.7333957817478153,73.33957817478152,5.512204056655507,1.6305785612481734
2.3,5.246092184368738,0.730887341568388,73.0887341568388,5.512204056655507,1.6305785612481734
2.3,5.2494989979959925,0.7283640414092696,72.83640414092696,5.512204056655507,1.6305785612481734
2.3,5.252905811623247,0.7258259570810595,72.58259570810594,5.512204056655507,1.6305785612481734
2.3,5.2563126252505015,0.7232731677181838,72.32731677181839,5.512204056655507,1.6305785612481734
2.3,5.259719438877756,0.7207057557943796,72.07057557943796,5.512204056655507,1.6305785612481734
2.3,5.26312625250501,0.7181238071368753,71.81238071368753,5.512204056655507,1.6305785612481734
2.3,5.266533066132265,0.7155274109392352,71.55274109392352,5.512204056655507,1.6305785612481734
2.3,5.269939879759519,0.7129166597728372,71.29166597728373,5.512204056655507,1.6305785612481734
2.3,5.273346693386774,0.7102916495969588,71.02916495969588,5.512204056655507,1.6305785612481734
2.3,5.276753507014028,0.7076524797674382,70.76524797674382,5.512204056655507,1.6305785612481734
2.3,5.280160320641283,0.7049992530438863,70.49992530438864,5.512204056655507,1.6305785612481734
2.3,5.283567134268537,0.7023320755954223,70.23320755954224,5.512204056655507,1.6305785612481734
2.3,5.286973947895792,0.6996510570049044,69.96510570049044,5.512204056655507,1.6305785612481734
2.3,5.290380761523046,0.6969563102716337,69.69563102716337,5.512204056655507,1.6305785612481734
2.3,5.293787575150301,0.6942479518125056,69.42479518125056,5.512204056655507,1.6305785612481734
2.3,5.297194388777555,0.6915261014615849,69.1526101461585,5.512204056655507,1.6305785612481734
2.3,5.30060120240481,0.6887908824680821,68.87908824680821,5.512204056655507,1.6305785612481734
2.3,5.304008016032064,0.6860424214927123,68.60424214927123,5.512204056655507,1.6305785612481734
2.3,5.307414829659319,0.6832808486024126,68.32808486024126,5.512204056655507,1.6305785612481734
2.3,5.310821643286573,0.680506297263401,68.05062972634009,5.512204056655507,1.6305785612481734
2.3,5.314228456913828,0.6777189043325594,67.77189043325595,5.512204056655507,1.6305785612481734
2.3,5.317635270541082,0.674918810047123,67.4918810047123,5.512204056655507,1.6305785612481734
2.3,5.321042084168337,0.6721061580126596,67.21061580126596,5.512204056655507,1.6305785612481734
2.3,5.324448897795591,0.6692810951893274,66.92810951893274,5.512204056655507,1.6305785612481734
2.3,5.3278557114228455,0.6664437718763956,66.64437718763956,5.512204056655507,1.6305785612481734
2.3,5.3312625250501,0.6635943416950181,66.35943416950181,5.512204056655507,1.6305785612481734
2.3,5.3346693386773545,0.6607329615692482,66.07329615692483,5.512204056655507,1.6305785612481734
2.3,5.338076152304609,0.6578597917052889,65.78597917052889,5.512204056655507,1.6305785612481734
2.3,5.3414829659318634,0.6549749955689667,65.49749955689667,5.512204056655507,1.6305785612481734
2.3,5.344889779559118,0.6520787398614285,65.20787398614286,5.512204056655507,1.6305785612481734
2.3,5.348296593186372,0.6491711944930522,64.91711944930522,5.512204056655507,1.6305785612481734
2.3,5.351703406813627,0.6462525325555721,64.62525325555721,5.512204056655507,1.6305785612481734
2.3,5.355110220440882,0.6433229302924157,64.33229302924157,5.512204056655507,1.6305785612481734
2.3,5.358517034068137,0.6403825670672554,64.03825670672553,5.512204056655507,1.6305785612481734
2.3,5.361923847695391,0.6374316253307686,63.743162533076855,5.512204056655507,1.6305785612481734
2.3,5.365330661322646,0.6344702905856235,63.44702905856236,5.512204056655507,1.6305785612481734
2.3,5.3687374749499,0.6314987513496839,63.14987513496839,5.512204056655507,1.6305785612481734
2.3,5.372144288577155,0.6285171991174454,62.85171991174454,5.512204056655507,1.6305785612481734
2.3,5.375551102204409,0.6255258283197109,62.552582831971094,5.512204056655507,1.6305785612481734
2.3,5.378957915831664,0.6225248362815158,62.25248362815158,5.512204056655507,1.6305785612481734
2.3,5.382364729458918,0.6195144231783141,61.95144231783141,5.512204056655507,1.6305785612481734
2.3,5.385771543086173,0.6164947919904396,61.64947919904395,5.512204056655507,1.6305785612481734
2.3,5.389178356713427,0.6134661484558588,61.346614845585876,5.512204056655507,1.6305785612481734
2.3,5.3925851703406815,0.6104287010212306,61.04287010212306,5.512204056655507,1.6305785612481734
2.3,5.395991983967936,0.6073826607912923,60.73826607912923,5.512204056655507,1.6305785612481734
2.3,5.3993987975951905,0.6043282414765947,60.43282414765947,5.512204056655507,1.6305785612481734
2.3,5.402805611222445,0.6012656593396043,60.12656593396043,5.512204056655507,1.6305785612481734
2.3,5.406212424849699,0.598195133139201,59.819513313920105,5.512204056655507,1.6305785612481734
2.3,5.409619238476954,0.5951168840735944,59.51168840735944,5.512204056655507,1.6305785612481734
2.3,5.413026052104208,0.5920311357216851,59.20311357216851,5.512204056655507,1.6305785612481734
2.3,5.416432865731463,0.5889381139829042,58.89381139829042,5.512204056655507,1.6305785612481734
2.3,5.419839679358717,0.5858380470155562,58.58380470155562,5.512204056655507,1.6305785612481734
2.3,5.423246492985972,0.5827311651737022,58.27311651737021,5.512204056655507,1.6305785612481734
2.3,5.426653306613226,0.5796177009426139,57.96177009426139,5.512204056655507,1.6305785612481734
2.3,5.430060120240481,0.5764978888728355,57.64978888728355,5.512204056655507,1.6305785612481734
2.3,5.433466933867735,0.5733719655128903,57.337196551289026,5.512204056655507,1.6305785612481734
2.3,5.43687374749499,0.5702401693406697,57.02401693406697,5.512204056655507,1.6305785612481734
2.3,5.440280561122244,0.5671027406935448,56.71027406935448,5.512204056655507,1.6305785612481734
2.3,5.4436873747495,0.5639599216972416,56.39599216972416,5.512204056655507,1.6305785612481734
2.3,5.447094188376754,0.5608119561935266,56.08119561935266,5.512204056655507,1.6305785612481734
2.3,5.4505010020040086,0.5576590896667353,55.76590896667353,5.512204056655507,1.6305785612481734
2.3,5.453907815631263,0.5545015691692041,55.45015691692041,5.512204056655507,1.6305785612481734
2.3,5.4573146292585175,0.5513396432456426,55.13396432456425,5.512204056655507,1.6305785612481734
2.3,5.460721442885772,0.5481735618564946,54.81735618564946,5.512204056655507,1.6305785612481734
2.3,5.4641282565130265,0.5450035763003416,54.50035763003416,5.512204056655507,1.6305785612481734
2.3,5.467535070140281,0.5418299391353938,54.18299391353938,5.512204056655507,1.6305785612481734
2.3,5.470941883767535,0.5386529041001229,53.86529041001229,5.512204056655507,1.6305785612481734
2.3,5.47434869739479,0.5354727260330868,53.547272603308684,5.512204056655507,1.6305785612481734
2.3,5.477755511022044,0.5322896607920025,53.22896607920025,5.512204056655507,1.6305785612481734
2.3,5.481162324649299,0.5291039651721164,52.910396517211645,5.512204056655507,1.6305785612481734
2.3,5.484569138276553,0.5259158968239318,52.59158968239318,5.512204056655507,1.6305785612481734
2.3,5.487975951903808,0.5227257141703455,52.272571417034555,5.512204056655507,1.6305785612481734
2.3,5.491382765531062,0.5195336763232508,51.953367632325076,5.512204056655507,1.6305785612481734
2.3,5.494789579158317,0.5163400429996658,51.634004299966584,5.512204056655507,1.6305785612481734
2.3,5.498196392785571,0.5131450744374414,51.31450744374414,5.512204056655507,1.6305785612481734
2.3,5.501603206412826,0.5099490313106082,50.99490313106082,5.512204056655507,1.6305785612481734
2.3,5.50501002004008,0.5067521746444217,50.67521746444217,5.512204056655507,1.6305785612481734
2.3,5.508416833667335,0.5035547657301632,50.355476573016325,5.512204056655507,1.6305785612481734
2.3,5.511823647294589,0.500357066039756,50.035706603975605,5.512204056655507,1.6305785612481734
2.3,5.515230460921844,0.4971593371402558,49.71593371402558,5.512204056655507,1.6305785612481734
2.3,5.518637274549098,0.49396184060827525,49.39618406082752,5.512204056655507,1.6305785612481734
2.3,5.522044088176353,0.4907648379444018,49.07648379444018,5.512204056655507,1.6305785612481734
2.3,5.525450901803607,0.4875685904876685,48.75685904876685,5.512204056655507,1.6305785612481734
2.3,5.528857715430862,0.484373359330137,48.4373359330137,5.512204056655507,1.6305785612481734
2.3,5.532264529058116,0.48117940523165154,48.11794052316515,5.512204056655507,1.6305785612481734
2.3,5.5356713426853705,0.4779869885348249,47.79869885348249,5.512204056655507,1.6305785612481734
2.3,5.539078156312625,0.4747963690803126,47.47963690803126,5.512204056655507,1.6305785612481734
2.3,5.5424849699398795,0.47160780612243614,47.16078061224361,5.512204056655507,1.6305785612481734
2.3,5.545891783567134,0.4684215582452107,46.84215582452107,5.512204056655507,1.6305785612481734
2.3,5.5492985971943884,0.4652378832788386,46.52378832788386,5.512204056655507,1.6305785612481734
2.3,5.552705410821643,0.4620570382167216,46.20570382167216,5.512204056655507,1.6305785612481734
2.3,5.556112224448897,0.4588792791330509,45.887927913305084,5.512204056655507,1.6305785612481734
2.3,5.559519038076153,0.45570486110102926,45.57048611010293,5.512204056655507,1.6305785612481734
2.3,5.562925851703407,0.4525340381117849,45.25340381117849,5.512204056655507,1.6305785612481734
2.3,5.566332665330662,0.44936706299401863,44.93670629940186,5.512204056655507,1.6305785612481734
2.3,5.569739478957916,0.44620418733445527,44.620418733445526,5.512204056655507,1.6305785612481734
2.3,5.573146292585171,0.44304566139913826,44.304566139913824,5.512204056655507,1.6305785612481734
2.3,5.576553106212425,0.43989173405562326,43.989173405562326,5.512204056655507,1.6305785612481734
2.3,5.57995991983968,0.4367426526961233,43.67426526961233,5.512204056655507,1.6305785612481734
2.3,5.583366733466934,0.43359866316164963,43.35986631616496,5.512204056655507,1.6305785612481734
2.3,5.586773547094189,0.4304600096672017,43.04600096672017,5.512204056655507,1.6305785612481734
2.3,5.590180360721443,0.42732693472804956,42.732693472804954,5.512204056655507,1.6305785612481734
2.3,5.593587174348698,0.42419967908715595,42.41996790871559,5.512204056655507,1.6305785612481734
2.3,5.596993987975952,0.4210784816437817,42.10784816437817,5.512204056655507,1.6305785612481734
2.3,5.6004008016032065,0.41796357938331763,41.79635793833177,5.512204056655507,1.6305785612481734
2.3,5.603807615230461,0.4148552073083853,41.48552073083853,5.512204056655507,1.6305785612481734
2.3,5.6072144288577155,0.4117535983712457,41.17535983712457,5.512204056655507,1.6305785612481734
2.3,5.61062124248497,0.4086589834075548,40.86589834075548,5.512204056655507,1.6305785612481734
2.3,5.614028056112224,0.40557159107150453,40.557159107150454,5.512204056655507,1.6305785612481734
2.3,5.617434869739479,0.4024916477723826,40.24916477723826,5.512204056655507,1.6305785612481734
2.3,5.620841683366733,0.399419377612588,39.9419377612588,5.512204056655507,1.6305785612481734
2.3,5.624248496993988,0.39635500232713206,39.635500232713206,5.512204056655507,1.6305785612481734
2.3,5.627655310621242,0.39329874122465813,39.32987412246581,5.512204056655507,1.6305785612481734
2.3,5.631062124248497,0.39025081113000853,39.02508111300085,5.512204056655507,1.6305785612481734
2.3,5.634468937875752,0.387211426328365,38.721142632836504,5.512204056655507,1.6305785612481734
2.3,5.637875751503007,0.38418079851099485,38.418079851099485,5.512204056655507,1.6305785612481734
2.3,5.641282565130261,0.3811591367226132,38.11591367226132,5.512204056655507,1.6305785612481734
2.3,5.644689378757516,0.37814664731040276,37.814664731040274,5.512204056655507,1.6305785612481734
2.3,5.64809619238477,0.37514353387469707,37.514353387469704,5.512204056655507,1.6305785612481734
2.3,5.651503006012025,0.3721499972213535,37.21499972213535,5.512204056655507,1.6305785612481734
2.3,5.654909819639279,0.36916623531583126,36.91662353158313,5.512204056655507,1.6305785612481734
2.3,5.658316633266534,0.36619244323899175,36.619244323899174,5.512204056655507,1.6305785612481734
2.3,5.661723446893788,0.3632288131446339,36.32288131446339,5.512204056655507,1.6305785612481734
2.3,5.6651302605210425,0.3602755342187775,36.02755342187775,5.512204056655507,1.6305785612481734
2.3,5.668537074148297,0.357332792640706,35.7332792640706,5.512204056655507,1.6305785612481734
2.3,5.6719438877755515,0.35440077154577593,35.440077154577594,5.512204056655507,1.6305785612481734
2.3,5.675350701402806,0.3514796509900026,35.14796509900026,5.512204056655507,1.6305785612481734
2.3,5.67875751503006,0.34856960791642566,34.856960791642564,5.512204056655507,1.6305785612481734
2.3,5.682164328657315,0.3456708161232599,34.56708161232599,5.512204056655507,1.6305785612481734
2.3,5.685571142284569,0.3427834462338329,34.27834462338329,5.512204056655507,1.6305785612481734
2.3,5.688977955911824,0.3399076656683112,33.99076656683112,5.512204056655507,1.6305785612481734
2.3,5.692384769539078,0.33704363861721265,33.70436386172126,5.512204056655507,1.6305785612481734
2.3,5.695791583166333,0.33419152601670427,33.419152601670426,5.512204056655507,1.6305785612481734
2.3,5.699198396793587,0.3313514855256803,33.135148552568026,5.512204056655507,1.6305785612481734
2.3,5.702605210420842,0.3285236715046154,32.85236715046154,5.512204056655507,1.6305785612481734
2.3,5.706012024048096,0.3257082349961871,32.57082349961871,5.512204056655507,1.6305785612481734
2.3,5.709418837675351,0.3229053237076567,32.29053237076567,5.512204056655507,1.6305785612481734
2.3,5.712825651302605,0.32011508199500144,32.01150819950014,5.512204056655507,1.6305785612481734
2.3,5.71623246492986,0.31733765084878446,31.733765084878446,5.512204056655507,1.6305785612481734
2.3,5.719639278557114,0.3145731678817516,31.45731678817516,5.512204056655507,1.6305785612481734
2.3,5.723046092184369,0.31182176731814015,31.182176731814014,5.512204056655507,1.6305785612481734
2.3,5.726452905811623,0.30908357998468455,30.908357998468457,5.512204056655507,1.6305785612481734
2.3,5.729859719438878,0.3063587333033027,30.63587333033027,5.512204056655507,1.6305785612481734
2.3,5.733266533066132,0.3036473512854454,30.364735128544538,5.512204056655507,1.6305785612481734
2.3,5.736673346693387,0.3009495545280891,30.094955452808907,5.512204056655507,1.6305785612481734
2.3,5.740080160320641,0.29826546021135353,29.826546021135353,5.512204056655507,1.6305785612481734
2.3,5.7434869739478955,0.2955951820977217,29.55951820977217,5.512204056655507,1.6305785612481734
2.3,5.74689378757515,0.29293883053284114,29.293883053284116,5.512204056655507,1.6305785612481734
2.3,5.7503006012024045,0.29029651244788285,29.029651244788283,5.512204056655507,1.6305785612481734
2.3,5.753707414829659,0.28766833136343367,28.76683313634337,5.512204056655507,1.6305785612481734
2.3,5.7571142284569135,0.28505438739489786,28.505438739489787,5.512204056655507,1.6305785612481734
2.3,5.760521042084169,0.28245477725938084,28.245477725938084,5.512204056655507,1.6305785612481734
2.3,5.763927855711423,0.279869594284032,27.986959428403203,5.512204056655507,1.6305785612481734
2.3,5.767334669338678,0.27729892841581066,27.729892841581066,5.512204056655507,1.6305785612481734
2.3,5.770741482965932,0.27474286623265803,27.474286623265805,5.512204056655507,1.6305785612481734
2.3,5.774148296593187,0.27220149095603924,27.220149095603922,5.512204056655507,1.6305785612481734
2.3,5.777555110220441,0.26967488246482674,26.967488246482674,5.512204056655507,1.6305785612481734
2.3,5.780961923847696,0.2671631173104969,26.716311731049693,5.512204056655507,1.6305785612481734
2.3,5.78436873747495,0.2646662687336079,26.466626873360788,5.512204056655507,1.6305785612481734
2.3,5.787775551102205,0.262184406681528,26.218440668152798,5.512204056655507,1.6305785612481734
2.3,5.791182364729459,0.2597175978273823,25.97175978273823,5.512204056655507,1.6305785612481734
2.3,5.794589178356714,0.2572659055901868,25.726590559018682,5.512204056655507,1.6305785612481734
2.3,5.797995991983968,0.25482939015613615,25.482939015613614,5.512204056655507,1.6305785612481734
2.3,5.801402805611223,0.2524081085010133,25.24081085010133,5.512204056655507,1.6305785612481734
2.3,5.804809619238477,0.2500021144136875,25.00021144136875,5.512204056655507,1.6305785612481734
2.3,5.8082164328657315,0.24761145852066757,24.761145852066758,5.512204056655507,1.6305785612481734
2.3,5.811623246492986,0.2452361883116764,24.52361883116764,5.512204056655507,1.6305785612481734
2.3,5.8150300601202405,0.2428763481662143,24.28763481662143,5.512204056655507,1.6305785612481734
2.3,5.818436873747495,0.24053197938107568,24.05319793810757,5.512204056655507,1.6305785612481734
2.3,5.821843687374749,0.23820312019878623,23.820312019878624,5.512204056655507,1.6305785612481734
2.3,5.825250501002004,0.23588980583692654,23.588980583692653,5.512204056655507,1.6305785612481734
2.3,5.828657314629258,0.23359206851830788,23.359206851830788,5.512204056655507,1.6305785612481734
2.3,5.832064128256513,0.2313099375019664,23.13099375019664,5.512204056655507,1.6305785612481734
2.3,5.835470941883768,0.22904343911494102,22.904343911494102,5.512204056655507,1.6305785612481734
2.3,5.838877755511023,0.22679259678480476,22.679259678480477,5.512204056655507,1.6305785612481734
2.3,5.842284569138277,0.22455743107290757,22.455743107290758,5.512204056655507,1.6305785612481734
2.3,5.845691382765532,0.22233795970830775,22.233795970830776,5.512204056655507,1.6305785612481734
2.3,5.849098196392786,0.22013419762235079,22.013419762235078,5.512204056655507,1.6305785612481734
2.3,5.852505010020041,0.21794615698386519,21.79461569838652,5.512204056655507,1.6305785612481734
2.3,5.855911823647295,0.21577384723494247,21.577384723494248,5.512204056655507,1.6305785612481734
2.3,5.85931863727455,0.21361727512726836,21.361727512726837,5.512204056655507,1.6305785612481734
2.3,5.862725450901804,0.21147644475897254,21.147644475897252,5.512204056655507,1.6305785612481734
2.3,5.866132264529059,0.20935135761196522,20.93513576119652,5.512204056655507,1.6305785612481734
2.3,5.869539078156313,0.20724201258972913,20.72420125897291,5.512204056655507,1.6305785612481734
2.3,5.8729458917835675,0.20514840605553478,20.514840605553477,5.512204056655507,1.6305785612481734
2.3,5.876352705410822,0.20307053187104881,20.30705318710488,5.512204056655507,1.6305785612481734
2.3,5.8797595190380765,0.20100838143530458,20.10083814353046,5.512204056655507,1.6305785612481734
2.3,5.883166332665331,0.1989619437240047,19.89619437240047,5.512204056655507,1.6305785612481734
2.3,5.886573146292585,0.19693120532912622,19.693120532912623,5.512204056655507,1.6305785612481734
2.3,5.88997995991984,0.1949161504987992,19.491615049879922,5.512204056655507,1.6305785612481734
2.3,5.893386773547094,0.19291676117742973,19.291676117742973,5.512204056655507,1.6305785612481734
2.3,5.896793587174349,0.19093301704603913,19.093301704603913,5.512204056655507,1.6305785612481734
2.3,5.900200400801603,0.18896489556279222,18.89648955627922,5.512204056655507,1.6305785612481734
2.3,5.903607214428858,0.18701237200368698,18.7012372003687,5.512204056655507,1.6305785612481734
2.3,5.907014028056112,0.18507541950337877,18.507541950337878,5.512204056655507,1.6305785612481734
2.3,5.910420841683367,0.18315400909611365,18.315400909611366,5.512204056655507,1.6305785612481734
2.3,5.913827655310621,0.18124810975674474,18.124810975674475,5.512204056655507,1.6305785612481734
2.3,5.917234468937876,0.17935768844180716,17.935768844180718,5.512204056655507,1.6305785612481734
2.3,5.92064128256513,0.17748271013062628,17.748271013062627,5.512204056655507,1.6305785612481734
2.3,5.924048096192385,0.17562313786643668,17.562313786643667,5.512204056655507,1.6305785612481734
2.3,5.927454909819639,0.17377893279748768,17.37789327974877,5.512204056655507,1.6305785612481734
2.3,5.930861723446894,0.17195005421811307,17.195005421811306,5.512204056655507,1.6305785612481734
2.3,5.934268537074148,0.17013645960974327,17.013645960974326,5.512204056655507,1.6305785612481734
2.3,5.937675350701403,0.16833810468183816,16.833810468183817,5.512204056655507,1.6305785612481734
2.3,5.941082164328657,0.16655494341272012,16.65549434127201,5.512204056655507,1.6305785612481734
2.3,5.944488977955912,0.1647869280902868,16.47869280902868,5.512204056655507,1.6305785612481734
2.3,5.947895791583166,0.16303400935258397,16.3034009352584,5.512204056655507,1.6305785612481734
2.3,5.9513026052104205,0.16129613622822006,16.129613622822006,5.512204056655507,1.6305785612481734
2.3,5.954709418837675,0.1595732561766032,15.95732561766032,5.512204056655507,1.6305785612481734
2.3,5.95811623246493,0.15786531512798324,15.786531512798325,5.512204056655507,1.6305785612481734
2.3,5.961523046092185,0.15617225752328387,15.617225752328388,5.512204056655507,1.6305785612481734
2.3,5.964929859719439,0.15449402635370174,15.449402635370173,5.512204056655507,1.6305785612481734
2.3,5.968336673346694,0.15283056320006586,15.283056320006585,5.512204056655507,1.6305785612481734
2.3,5.971743486973948,0.1511818082719345,15.11818082719345,5.512204056655507,1.6305785612481734
2.3,5.975150300601203,0.14954770044641835,14.954770044641835,5.512204056655507,1.6305785612481734
2.3,5.978557114228457,0.14792817730671498,14.792817730671498,5.512204056655507,1.6305785612481734
2.3,5.981963927855712,0.14632317518034094,14.632317518034094,5.512204056655507,1.6305785612481734
2.3,5.985370741482966,0.14473262917704854,14.473262917704854,5.512204056655507,1.6305785612481734
2.3,5.988777555110221,0.14315647322641534,14.315647322641533,5.512204056655507,1.6305785612481734
2.3,5.992184368737475,0.14159464011509382,14.159464011509382,5.512204056655507,1.6305785612481734
2.3,5.99559118236473,0.1400470615237105,14.00470615237105,5.512204056655507,1.6305785612481734
2.3,5.998997995991984,0.13851366806340337,13.851366806340337,5.512204056655507,1.6305785612481734
2.3,6.002404809619239,0.13699438931198818,13.699438931198818,5.512204056655507,1.6305785612481734
2.3,6.005811623246493,0.1354891538497426,13.548915384974261,5.512204056655507,1.6305785612481734
2.3,6.009218436873748,0.13399788929480105,13.399788929480106,5.512204056655507,1.6305785612481734
2.3,6.012625250501002,0.13252052233814954,13.252052233814954,5.512204056655507,1.6305785612481734
2.3,6.0160320641282565,0.1310569787782141,13.10569787782141,5.512204056655507,1.6305785612481734
2.3,6.019438877755511,0.12960718355503437,12.960718355503436,5.512204056655507,1.6305785612481734
2.3,6.0228456913827655,0.12817106078401555,12.817106078401554,5.512204056655507,1.6305785612481734
2.3,6.02625250501002,0.12674853378925202,12.674853378925203,5.512204056655507,1.6305785612481734
2.3,6.0296593186372744,0.1253395251364166,12.53395251364166,5.512204056655507,1.6305785612481734
2.3,6.03306613226453,0.12394395666520945,12.394395666520944,5.512204056655507,1.6305785612481734
2.3,6.036472945891784,0.12256174952136327,12.256174952136327,5.512204056655507,1.6305785612481734
2.3,6.039879759519039,0.12119282418819535,12.119282418819536,5.512204056655507,1.6305785612481734
2.3,6.043286573146293,0.11983710051770853,11.983710051770853,5.512204056655507,1.6305785612481734
2.3,6.046693386773548,0.11849449776123232,11.849449776123231,5.512204056655507,1.6305785612481734
2.3,6.050100200400802,0.11716493459960271,11.71649345996027,5.512204056655507,1.6305785612481734
2.3,6.053507014028057,0.1158483291728772,11.58483291728772,5.512204056655507,1.6305785612481734
2.3,6.056913827655311,0.1145445991095824,11.45445991095824,5.512204056655507,1.6305785612481734
2.3,6.060320641282566,0.11325366155549185,11.325366155549185,5.512204056655507,1.6305785612481734
2.3,6.06372745490982,0.11197543320193243,11.197543320193242,5.512204056655507,1.6305785612481734
2.3,6.067134268537075,0.11070983031361713,11.070983031361713,5.512204056655507,1.6305785612481734
2.3,6.070541082164329,0.10945676875600384,10.945676875600384,5.512204056655507,1.6305785612481734
2.3,6.073947895791584,0.1082161640221784,10.82161640221784,5.512204056655507,1.6305785612481734
2.3,6.077354709418838,0.10698793125926212,10.698793125926212,5.512204056655507,1.6305785612481734
2.3,6.0807615230460925,0.10577198529434309,10.577198529434309,5.512204056655507,1.6305785612481734
2.3,6.084168336673347,0.10456824065993135,10.456824065993136,5.512204056655507,1.6305785612481734
2.3,6.0875751503006015,0.10337661161893877,10.337661161893877,5.512204056655507,1.6305785612481734
2.3,6.090981963927856,0.10219701218918346,10.219701218918347,5.512204056655507,1.6305785612481734
2.3,6.09438877755511,0.10102935616742079,10.102935616742078,5.512204056655507,1.6305785612481734
2.3,6.097795591182365,0.09987355715290094,9.987355715290095,5.512204056655507,1.6305785612481734
2.3,6.101202404809619,0.09872952857045567,9.872952857045567,5.512204056655507,1.6305785612481734
2.3,6.104609218436874,0.09759718369311511,9.75971836931151,5.512204056655507,1.6305785612481734
2.3,6.108016032064128,0.09647643566425704,9.647643566425703,5.512204056655507,1.6305785612481734
2.3,6.111422845691383,0.09536719751929063,9.536719751929063,5.512204056655507,1.6305785612481734
2.3,6.114829659318637,0.09426938220687715,9.426938220687715,5.512204056655507,1.6305785612481734
2.3,6.118236472945892,0.09318290260969016,9.318290260969016,5.512204056655507,1.6305785612481734
2.3,6.121643286573146,0.09210767156471798,9.210767156471798,5.512204056655507,1.6305785612481734
2.3,6.125050100200401,0.09104360188311171,9.10436018831117,5.512204056655507,1.6305785612481734
2.3,6.128456913827655,0.08999060636958156,8.999060636958156,5.512204056655507,1.6305785612481734
2.3,6.13186372745491,0.08894859784134515,8.894859784134516,5.512204056655507,1.6305785612481734
2.3,6.135270541082164,0.08791748914663133,8.791748914663133,5.512204056655507,1.6305785612481734
2.3,6.138677354709419,0.08689719318274294,8.689719318274294,5.512204056655507,1.6305785612481734
2.3,6.142084168336673,0.08588762291368254,8.588762291368255,5.512204056655507,1.6305785612481734
2.3,6.145490981963928,0.0848886913873452,8.48886913873452,5.512204056655507,1.6305785612481734
2.3,6.148897795591182,0.08390031175228202,8.390031175228202,5.512204056655507,1.6305785612481734
2.3,6.152304609218437,0.08292239727403923,8.292239727403922,5.512204056655507,1.6305785612481734
2.3,6.155711422845691,0.08195486135107653,8.195486135107654,5.512204056655507,1.6305785612481734
2.3,6.159118236472946,0.08099761753026945,8.099761753026945,5.512204056655507,1.6305785612481734
2.3,6.162525050100201,0.0800505795220015,8.005057952200149,5.512204056655507,1.6305785612481734
2.3,6.165931863727455,0.07911366121484714,7.911366121484714,5.512204056655507,1.6305785612481734
2.3,6.16933867735471,0.07818677668985519,7.818677668985519,5.512204056655507,1.6305785612481734
2.3,6.172745490981964,0.07726984023443385,7.726984023443386,5.512204056655507,1.6305785612481734
2.3,6.176152304609219,0.07636276635584377,7.636276635584377,5.512204056655507,1.6305785612481734
2.3,6.179559118236473,0.07546546979430381,7.546546979430381,5.512204056655507,1.6305785612481734
2.3,6.182965931863728,0.07457786553571458,7.457786553571458,5.512204056655507,1.6305785612481734
2.3,6.186372745490982,0.07369986882400477,7.369986882400477,5.512204056655507,1.6305785612481734
2.3,6.189779559118237,0.07283139517310579,7.283139517310579,5.512204056655507,1.6305785612481734
2.3,6.193186372745491,0.07197236037855916,7.197236037855916,5.512204056655507,1.6305785612481734
2.3,6.196593186372746,0.0711226805287628,7.1122680528762805,5.512204056655507,1.6305785612481734
2.3,6.2,0.07028227201586082,7.028227201586082,5.512204056655507,1.6305785612481734
